sect	religion	3.2870554703222314
decanter	pour	x
unprecedented	forerunners	x
erudite	uneducated	x
truism	obvious	3.550636609345034
laconic	concise	6.672469071337763
lie	prevaricate	x
concession	placate	x
powerless	efficacy	x
rivulet	small	0.8245602477604685
wretched	cheerful	x
level	hierarchy	2.7762936679729733
peccadillo	sin	x
tyro	inexperienced	x
blandishment	coax	x
pragmatism	philosophy	4.1834095747837905
vitriol	spiteful	x
invective	blame	x
vernacular	regional	0.8427015190871298
virulent	poisonous	2.9014927013816565
grenadier	army	2.2054070639307217
fake	authenticity	2.547948082984167
nefarious	virtuous	x
castigate	criticize	7.825836560099818
playful	banter	4.7116518532272735
embargo	commerce	2.3288660229290508
pathogen	harmful	2.077050679303126
conceited	bumptious	x
clause	sentence	3.9898857046177687
renegade	allegiance	x
sanguine	sickly	x
tripod	camera	4.580991694462192
cello	played	1.1699224397979315
demented	lucidity	x
defendant	plaintiff	6.325596574941246
mud	opaque	2.623624710952648
assuage	mollify	x
memorable	unforgettable	4.035542275283767
antipathy	approval	x
bailiff	courthouse	3.376001939921661
pan	saute	x
kindling	combustible	x
print	lithograph	4.399153233194023
dermal	skin	5.076129026862218
atrocious	bad	1.7078045689970909
exaggeration	caricature	3.443110508697352
tenable	indefensible	x
inchoate	experience	x
branch	bureaucracy	-0.03412567854086137
stock	inventory	2.6797129135074838
estimate	approximate	2.2781303245811984
heart	cardiac	4.490118636655477
inevitable	preventable	x
disingenuous	charlatan	x
authenticity	fraudulent	1.05864770954065
polish	shiny	2.2113620656648427
flatter	rebuff	x
bombastic	turgid	8.182292807682108
lecher	salacious	x
eccentric	codger	x
legerdemain	deception	x
clean	immaculate	3.803797641692632
dilettante	dabble	9.117051422427274
hallucinogen	drug	5.062146137568919
subterfuge	deceive	x
abiding	ephemeral	x
expulsion	school	1.9205854535426468
martinet	discipline	5.154381662541448
abolition	slavery	7.244202309804021
obdurate	stubborn	x
defame	venerate	x
control	irrepressible	x
farce	ridiculous	3.3322866306768764
asphyxia	air	0.890610836828168
indulge	epicurean	x
immune	susceptible	4.141702903131367
demulcent	unguent	x
abominable	disagreeable	x
uncommon	outlier	x
beseech	request	x
musician	music	1.9916015699880585
whale	ocean	2.9912074055016573
terrified	scared	3.6605627290064526
sad	happiness	-0.5100123871425815
tongue	taste	3.576191039420449
chair	sit	3.2812236377254553
wrench	tool	5.007278761287046
tiny	little	1.271670789708521
poor	money	0.7923693537034846
safe	dangerous	1.8444254676099932
great	good	0.8857414374464264
beautiful	pretty	2.298579140729222
ring	finger	4.676321574368412
correct	right	0.4974137175363987
shoe	foot	3.4966063693836333
puppy	dog	4.850126956619088
rock	hard	2.209435449522365
sick	health	1.3640413838803405
hammer	hit	1.4594440043801895
shield	protect	3.3598958857383834
wall	room	2.2262173893975143
match	fire	-0.9538580196914428
candy	sweet	4.10303905249317
huge	big	1.1638476821697816
teacher	educate	0.9588505220777592
ugly	beauty	2.7216448064504206
hilarious	funny	4.460925283029167
play	work	-0.7630437114781818
eyes	see	1.874042219227686
ham	meat	4.1459917953827565
bird	fly	2.7914723320253936
organized	neat	0.4504627964259346
shark	fish	3.37190653229198
branch	tree	2.916480721087212
dead	life	0.8969128365389174
shovel	dig	6.274574170645909
pilot	airplane	3.8916356241993033
near	far	1.427788525982906
chess	game	1.9895606963808572
win	lose	2.554698174820959
robin	bird	2.9681451236975085
bees	hive	7.272825880199643
giant	large	0.8304518251913965
hard	soft	3.909536631251034
map	guide	2.438710923833945
apple	heathy	x
salesman	sell	2.775695315062032
rare	common	1.6258176992268711
carrot	vegetable	3.6615196575402895
side	square	1.2122202564371514
furious	angry	3.6195360774228336
fin	fish	3.009954569263488
blanket	soft	1.6688252857483656
rich	poor	3.8758964027887415
obese	overweight	7.3735570815672755
disorganized	order	-0.5103687616652347
brush	paint	4.163342716659638
mountain	tall	2.0443873426448613
hockey	sport	2.835181931175314
teeth	chew	5.5300500681543046
fork	eat	2.5919194833128008
ecstatic	happy	x
steak	meat	4.1805427501747205
nice	mean	1.5929779866316665
exhausted	tired	3.683117934261356
shy	confidence	1.9712561326491975
artist	paintbrush	2.6233716074482354
letter	word	2.6228909967365723
dog	pet	3.9557489820952942
tuxedo	formal	3.934570869475528
pot	cook	4.084227463957559
cushion	sofa	4.135213741403853
jazz	music	3.0206277738978797
ancient	old	0.7634719864772946
boulder	heavy	1.0136757133788532
mircroscope	examine	x
ice	slippery	2.7797203843828564
depressed	sad	4.407382674090219
speakers	stereo	3.362935834478886
needle	sew	5.640328245122869
joy	emotion	2.66284409918202
dangerous	safe	1.4491466399346105
lazy	ambition	2.1029083836521463
potato	vegetable	4.921880513552782
scale	weight	0.8621703658178355
ball	round	0.4997742885851797
strange	normal	0.7543598318731376
ignorant	knowledge	1.432887212028817
brilliant	intelligent	2.245849894272092
string	guitar	3.180966499000062
razor	shave	6.625492076824592
dry	moisture	3.372023640501601
theft	crime	2.8934627300482108
milk	white	1.0784575382827322
full	empty	1.599446664753609
pen	write	2.8174931493432163
mattress	bed	5.378892741997733
clock	time	1.676846406939995
saturday	weekend	x
war	peace	2.841419558604945
combatant	fighter	3.4656459599739784
infantile	immature	5.3399298908693495
convict	guilty	4.118810583051617
rifle	gun	4.124694686148373
infinite	limited	1.1235303415034583
perish	die	2.6083930810572618
unskilled	expertise	x
ballad	song	2.9665217576165896
clarify	obscure	2.5977145668066903
bun	hamburger	6.6789346625910975
charity	aid	3.220514849470298
traitor	treasonous	6.184690190598767
remember	predict	-0.7125454877749909
doughnut	pastry	6.7736600023251246
examination	diagnosis	4.095834847385455
flamboyant	elaborate	3.578305390115039
taboo	acceptance	0.5353193116144038
confirm	deny	6.480450434879417
salutation	letter	4.529577828894197
referee	officiate	7.108327345779395
professor	scholarly	0.8351624582812157
beneficial	detrimental	6.287469373953619
bunch	bananas	5.904199700649499
granite	stone	3.697804086218148
hyperactive	energetic	4.59211667752042
witness	testimony	4.8303128976190415
platter	serve	1.6369253155644892
superstition	irrational	5.303992612638223
airplane	hangar	4.176397961901058
illiterate	read	4.094382499052224
honor	disgrace	2.9348023250159274
whisper	quiet	3.1520604107599755
island	archipelago	5.221848347071494
patience	virtue	3.9390313509927632
kiss	affection	2.9062574201475866
network	connect	2.6970387683126265
devastated	damaged	1.4280049948810687
algebra	mathematics	3.7235562746891935
uninhibited	restraint	3.4526770640257856
offer	request	0.2563693998991963
epidemic	widespread	2.5472393484765954
note	melody	1.708661199491954
lifejacket	boat	4.112799124897505
devout	religious	3.0068159232188667
hidden	visible	1.7626823759740713
cough	cold	4.636389035339466
veins	circulate	1.854233755277796
assassination	murder	2.3977787180210117
ignite	extinguish	5.555965156353969
elderly	youth	1.8488560290527636
conclusion	essay	1.8524936589257976
locker	storage	2.9231746428130743
excruciating	painful	x
fame	obscurity	2.647341524915838
heirloom	inherited	3.8946198864543313
sunscreen	sunburn	8.490912685411066
contract	agreement	2.5463107609074465
active	idle	1.4342073292637814
hasty	patience	3.1403933560975683
klutz	clumsy	7.971642358920567
lizard	reptile	6.270348530528031
battle	war	1.8993454989960965
treaty	peace	4.0655697189371125
lenient	strict	4.064257270312702
blender	appliance	6.235847123546576
lantern	light	3.1282653764371258
faded	brilliance	x
classroom	desk	1.8955405725469263
dwindle	increase	x
ocean	immense	0.5453015501494661
star	constellation	6.6687506601235365
documentary	film	2.596088748734692
key	unlock	3.9397586180941087
nearby	distant	2.01217721091414
whimper	fear	x
heart	organ	1.283053759532828
tidy	unkempt	x
gasoline	flammable	4.871255007521095
adolescent	maturity	2.2041290767590658
boastful	proud	5.850342176860303
infection	bacteria	4.6299958549762295
mask	disguise	3.97423891563404
passport	document	4.186345374885569
believable	credible	4.960348805642386
helium	gas	4.081041187782448
fish	gills	4.300138684279209
insecure	confidence	2.2164992316615924
blaze	fire	3.0868326206790364
antique	aged	0.15353725564219028
article	magazine	3.577499816713296
lens	camera	4.920094610519556
appalled	dismayed	6.219722834390419
slob	messy	6.277536181537905
fever	symptom	4.346416253794629
advocate	criticize	1.918637430438068
christmas	gifts	x
boundless	limit	x
coal	fuel	3.349486381484195
fisherman	net	4.664506699035932
brake	decelerate	4.727867658026391
extrovert	gregarious	x
suspect	credibility	0.06763164469575653
platform	policies	0.8345017410667835
aimless	direction	2.631627120800484
marathon	endurance	2.8688478849761285
emaciated	thin	2.7065469620122715
infamy	reputation	3.1013897623230218
jurisprudence	law	3.6560321975604007
apathetic	zeal	5.171719351648716
avarice	generosity	5.7230865602292464
bellicose	aggressive	x
rebuttal	refute	x
mutinous	compliant	x
rant	bombastic	x
castle	edifice	1.5250539162533647
voluminous	large	-0.2505660512110942
negligence	carelessness	5.9727434500154
shepherd	dog	4.168950079643737
irrational	reason	2.450081023539484
senator	legislature	3.622632867132897
galleon	sail	5.109697904255634
misogynist	feminist	x
parishioner	church	4.111102746210122
insurgent	rebellious	x
epidermis	skin	5.240644797574159
quandary	uncertainty	3.9982055123500415
colloquial	formal	3.623996585126276
spy	espionage	4.530700385562244
insomniac	sleep	4.959374379813496
volatile	unstable	4.285112768171587
clairvoyant	predict	4.532381917722927
dirge	mournful	7.450682059793994
bourgeoisie	class	3.3594884675204497
menagerie	animals	5.599754860980254
bow	boat	3.3665476465466457
miser	parsimonious	x
prosaic	exciting	x
infallible	error	3.602911782071217
vacuous	intelligence	x
partisan	biased	4.365830254020834
initial	acronym	1.1968742617910657
meticulous	careful	4.177293246552344
ingenue	naive	x
hamlet	village	3.7485472461356335
frivolous	grave	1.375384099633896
perceptive	notice	2.397273565230035
sophomoric	maturity	x
disparage	encourage	x
smorgasbord	foods	x
capillary	vessel	3.48886946999208
ignoramus	unintelligent	x
panacea	cure	5.403502171167163
maladroit	skill	x
fastidious	particular	2.895860629673254
exoneration	release	3.8819531598106503
clay	malleable	1.9769231887967431
pristine	damaged	0.6755221717978998
fetter	restraint	x
map	atlas	5.1554988953704575
diffident	confidence	x
agnostic	belief	2.3844002899054457
palliative	relieve	3.813612756190429
exorcism	demons	5.977021740182803
grouch	cantakerous	x
incipient	mature	1.7268808780916929
succulent	rich	2.8677565783443795
caucus	meeting	1.9488420062910168
indigent	poor	3.0446578830565296
impromptu	rehearsal	x
maelstrom	storm	x
enigma	mysterious	2.0537496940529434
veil	enshroud	7.39175184634134
poison	noxious	3.8909881278142713
placid	tumultuous	x
blatant	obvious	3.773170270848936
blasphemy	religion	3.2368156811701314
tawdry	taste	x
tedium	excitement	x
cringe	discomfort	x
diatribe	speech	x
buttress	wall	4.069120866000321
jury	deliberate	3.4433584244595656
saccharine	sweet	x
altruism	selfishness	7.115416172680532
bishop	ordained	5.35371719792242
pragmatic	practical	3.311593393072992
cauldron	pot	4.40206254388649
precept	guidance	x
trinket	value	1.5317411941619152
euphemism	polite	5.244343359099487
frail	brawn	x
acrophobia	heights	7.637637652165124
heretic	unorthodox	x
debunk	verify	x
legend	map	0.7514297910783329
epistle	letter	3.9320550191332346
detective	mysteries	4.537344201312656
thwart	frustrate	5.1825277115454105
decoy	deceive	5.562728796642616
larceny	crime	2.6339372260923746
athlete	fit	-0.19887791874765776
microwave	heat	2.281659758049554
comedy	funny	3.2105767996890293
brother	sibling	3.1465612093116384
humiliated	embarrassed	5.908563717639171
train	railroad	2.1380473767293844
skeptical	belief	2.2699943714093287
optimism	pesimissm	x
sunscreen	skin	5.422910062924477
spaghetti	pasta	6.183423462493871
liar	honesty	3.3714748616361585
downpour	rain	6.543632729952772
wizard	magical	4.7293344802727155
misfortune	luck	4.598639018979799
verse	song	3.306722591558576
almond	nut	5.795163994236693
wool	sheep	5.3645373891171335
pebble	stone	3.616931354452627
newspaper	inform	1.4241314306806232
bus	automobile	1.4818896839197868
engine	car	2.20022398106745
butcher	meat	4.8524470514295786
obscene	inappropriate	4.7911379451903136
positive	negative	5.592368314167499
cigarette	unhealthy	x
helmet	head	2.8233859677812223
sewing	craft	3.2066984621524357
accident	unintended	0.8448251942382771
trivial	importance	0.696538920706297
expert	skilled	2.6126922649045587
coffee	bitter	2.5085360733159443
alarm	warn	5.034390413921086
soda	beverage	3.9108221254477726
clock	time	1.676846406939995
deck	ship	3.37903946120374
help	hinder	3.5019412292135335
apple	tree	3.2337300549799584
shell	nut	3.6745553716324197
carefree	worry	2.991486422755918
huge	large	0.5881685837728214
torch	illuminate	4.919657181322589
jewel	shiny	x
wedding	ceremony	3.9215048448751313
gallery	art	3.232687674777109
violinist	orchestra	4.871929420254202
foot	inches	4.2816623557503375
bright	dull	4.15744192575141
apathetic	motivation	x
loathe	dislike	x
root	plant	2.6599907187614447
orphan	parents	3.4839561739402383
mirror	reflect	3.801251282000104
cloth	threads	3.8110218665695177
tattoo	permanent	2.8609708025559994
outdated	modern	2.6112788874858537
adorable	cute	7.252490293055768
sculpture	art	2.861315075944922
order	chaos	2.3099832954143453
reckless	caution	x
fork	utensil	6.539964474256319
general	army	2.194001168542296
helmet	protect	2.7616545853675705
bachelor	wife	-1.4468150261330088
gigantic	large	0.40601270004084733
pain	discomfort	6.1618742839477205
mansion	large	0.8588966296331754
bald	hairy	4.9610626831741085
sword	weapon	3.4891509530409253
stage	theater	1.8096950699963132
ruby	gem	6.111486649114594
building	manmade	0.3124928645446734
insecure	confidence	2.2164992316615924
ingredient	recipe	4.860435172892253
nightmare	dream	4.452934242465156
scientist	laboratory	3.1151985579878723
hilarious	funny	4.460925283029167
surgeon	doctor	3.239482885676716
siren	alert	4.8582236040978515
ruthless	pity	2.052651409867374
mandatory	optional	4.773737499632811
house	shelter	1.4212730587434217
strange	familiar	2.8414774780491667
room	house	2.1728762306809384
silk	smooth	0.6281441312973083
plant	garden	2.5296735282185763
trip	fall	1.4447870738280075
mechanic	cars	1.7900588457960362
cotton	cloth	4.5034270334038675
criminal	innocence	1.4656840920006562
priceless	valuable	0.9314868940038192
rooster	chicken	5.095462688853702
policeman	enforce	0.8068911078692741
full	empty	1.599446664753609
novel	fictional	3.0923576869771767
daffodil	plant	3.1286864442110067
unique	uncommon	1.1604721585221665
bread	bakery	4.837486208968569
democracy	government	1.7494265469371872
extravagant	modesty	x
hand	clock	1.3323921214664298
fresco	painting	3.7476486980131103
monument	venerate	x
unnecessary	prerequisites	x
fiery	flagrant	x
waiver	safe	x
obdurate	cooperative	x
betray	trust	5.043412183293592
woman	engender	1.4797752131301602
turbulent	violence	1.276623510326096
dissertation	plagiarized	5.0798762488987865
territorial	terrestrial	x
installment	serial	3.1038199562576168
masquerade	party	1.1856207450438974
headmaster	principled	x
directory	telephone	2.9576399307234085
elevation	pinnacle	-0.16414232631597764
hindsight	perfect	x
homage	copy	0.9017817162922416
leaf	autumnal	3.4032330850881487
autonomous	free	1.5075364180020152
inkling	pen	x
latent	manifestation	1.9953858184029507
stringent	solid	x
dishevel	destroy	x
symbolic	metaphor	2.208336183775803
treaty	war	2.0228623731453204
patron	sexist	x
rural	suburban	4.508749448220957
termite	wood	3.765753494977194
atheist	faith	3.1785858107735305
hazardous	dangerous	3.5855713926251283
frame	painting	0.9865966665274905
tractor	pulled	2.7656453515177595
boorish	propriety	x
predator	ecosystem	4.821650614267534
usury	interested	x
abstain	indulge	x
capricious	restrained	x
asphyxiation	choking	7.710914106507719
tournament	stadium	0.9004147341961056
measurement	weigh	1.2190840232576208
lava	molten	5.092752266629731
koala	marsupial	8.3386005378055
idyllic	dreams	0.8616016576201352
beneficent	upset	x
legitimacy	scam	2.7297846654515303
unique	unprecedented	1.6470538941506614
vivacious	health	x
picnic	basket	2.512055393815573
celebrity	questionnaire	x
narcissist	egocentric	x
teenager	neonatal	x
humorous	amusing	3.378588596038333
padded	resume	3.755911340930112
simplicity	complex	1.3220686754915831
procure	valuable	1.1250414203975558
stigmatize	criticize	x
whimsical	capricious	6.4688713356616905
conjecture	supposed	1.1235478004648327
evil	courtesan	1.1953160710820792
ornament	tree	2.412773755138611
cheap	inexpensive	2.956353325336404
heretic	blaspheme	x
dance	polka	4.141352940525136
smoke	burn	2.5676888102799817
mawkish	stoic	x
ostracism	society	2.8440739869363147
libertine	freedom	1.5255434745832137
choreography	dance	4.237374527605722
ironic	metallic	x
elucidate	clarify	3.8246208898585565
penetrate	impermeable	3.657371585125391
swallow	migratory	2.8649000873831523
cancer	tumors	4.820305565481052
complain	ravenous	x
corpulent	thin	x
concertina	instrument	4.523881903748529
lovable	annoying	x
tentative	agenda	x
elucidate	clarify	3.8246208898585565
shower	water	1.987512837294532
car	garage	3.3511665452223234
quiet	secret	0.7554157296493847
weak	strength	2.192129852322404
boat	swim	2.894223091997596
cup	drink	2.879570843280708
cow	milk	6.505232599079148
huge	big	1.1638476821697816
tired	energy	-0.2496254116879576
silent	noisy	1.4244993841669529
fun	cool	2.0789942223138462
terrible	bad	2.127323116606325
necklace	neck	4.767329466275347
crazy	smart	2.033386013757739
boot	hand	0.04180848990384842
kitten	cat	5.073013513491446
water	wet	2.0853114640031007
sad	emotion	2.510385082027741
knife	cut	3.525912987576136
computer	talk	-0.3013283676728979
lettuce	sandwich	5.5495071178557085
bag	wallet	4.405495823149486
water	cold	1.756147374676331
nice	good	1.9977577425677036
doctor	heal	2.3776040740269693
serious	humor	1.4540798587932109
right	wrong	3.95278650272487
laugh	cry	6.8130868728859175
hands	cry	0.7687295726300111
air	water	2.18706511716202
horse	ride	3.0554425228176645
ugly	pretty	3.893299140459249
sausage	vegetable	2.2662069320838927
lemon	fruit	3.851121000954039
cold	temperature	2.9515680498083525
bus	run	2.567960129893028
driver	ship	-2.8600157222704925
gray	black	3.6431267741520097
checkers	basketball	x
play	learn	0.3928440410428399
pear	fruit	4.546760260850232
cows	city	-1.7790632976702208
scary	bad	0.45250704142521203
fast	quick	2.4022976345098863
apartment	locate	0.9333630521435436
teacher	good	-0.2086333324603065
teacher	learn	0.7230775069882657
shiny	bright	4.079668173427844
animal	horse	1.8993402776972852
finger	hand	4.243658681879774
sad	happy	4.287548139443847
string	guitar	3.180966499000062
money	rich	0.8713923858639686
young	old	2.216114946017726
guilty	wrong	0.4987210268632137
intelligent	belief	0.6879068037067133
straw	drink	3.20798076265428
game	fun	1.7245229587582032
bus	car	2.1026320163770045
clouds	fly	0.8836208155198741
calculator	think	x
depressed	sad	4.407382674090219
nature	wood	-0.14320706051703022
bad	happy	0.7853811422196791
ready	lazy	0.08769329406125652
smart	sense	1.138748524832166
lawyer	computer	-1.4143990814331582
brick	house	2.7523768789508485
fire	water	1.3911003326215374
car	fast	1.2901924115153658
camera	take	1.4752940691393654
faucet	sink	5.648881216973479
silver	metal	2.0529132642820884
crazy	unhealthy	x
ring	beautiful	-0.5765346618808807
letter	communicate	0.16100065478928854
basketball	fun	0.1579283238471044
peaceful	bored	x
arms	legs	5.134585184547619
movie	entertain	0.4914424356151244
food	beverage	5.5699238297954174
hard	nice	0.37579525255481305
bald	hair	3.946701108165632
fish	shark	4.166648043431252
thermometer	temperature	5.58037547057991
dog	friendly	1.2010498505589082
scared	angry	4.133118063219397
scared	courage	1.156806892306862
devastated	disappointed	1.1726332000865114
shoe	pants	2.6562384246083184
hair	comb	4.384813576173686
light	height	-0.0849085593814531
winter	season	1.9357712410137329
traffic	heavy	1.8359277953438211
boring	exciting	3.6189709973014534
shovel	dig	6.274574170645909
drain	sink	3.4480654846942813
building	height	1.5424575300369543
November	December	3.681511411892776
weather	clouds	3.28032419894078
queen	monarch	2.675565199612208
outstanding	impressive	0.8882700485524194
clock	digital	1.6908767994540503
van	automobile	0.3705543322984552
valid	illegitimate	x
ignore	oversee	x
vivacious	intensity	x
burial	death	0.9676366708551236
guard	protect	2.5915374920455037
ketchup	hotdog	7.71478932244089
dictionary	words	4.304504829895
reporter	biased	1.4657665410916068
hear	listen	2.720415222479523
passport	document	4.186345374885569
evaluation	title	-2.007312783781457
kind	benevolent	3.266045597919585
factual	opinion	2.66391483220555
use	employ	0.3167528643529489
courtship	marriage	4.990067195913582
sentry	guard	5.32926152379592
friend	imaginary	0.733719549570482
allowed	forbidden	1.3510619343883636
street	neighborhoods	2.1797001883079825
action	event	0.3758525424591862
fabulous	drab	x
spouse	marriage	3.085889797169591
fork	dice	x
opinion	factual	2.326915708002874
car	garage	3.3511665452223234
immobile	move	1.2792323551129798
comfort	pleasure	3.0750126630199452
folktale	traditional	0.6042453813413706
anchor	aircraft	-1.0021283344460803
essay	story	1.3499543994237109
smile	fear	1.022016547890381
statue	memorialize	2.3063836378341844
unusual	weird	2.6667128582986983
rain	precipitation	4.594857774984246
overweight	shape	1.8839313087466267
damage	repair	2.6996044744676597
artist	idealistic	x
bone	skeleton	3.7072136870820978
medicine	disease	2.1532762645216525
hyper	energetic	5.190495655009227
spicy	delicious	4.962489340319134
fever	issue	-0.16769010781230814
calculators	think	x
document	certificate	2.316691830633336
harvest	plant	1.5576645524556587
famous	popularity	-0.456533270570665
theme	song	2.123462373945101
telephone	communication	2.4019947691480925
baffling	confusing	x
peace	harmony	5.043469163931314
ship	wooden	0.8984622988096501
hope	tornado	-0.8430876019287552
limerick	poem	4.929910790136233
challenging	difficult	2.2283398336670284
unskilled	magic	2.319091211703164
priest	evil	0.9039989080638721
ambulance	hospital	4.682429086618416
button	hole	1.6634110997351512
title	ownership	0.7133452316530733
hopeful	optimistic	5.824865992404642
tent	cabin	3.56940247570328
fan	oxygen	-0.7226634809003009
decrepit	strength	x
bank	dollar	1.7178288273105853
ridicule	mock	4.474973029158137
surface	flat	2.2895465225870675
crystal	jewel	2.7538196109603517
parka	sweater	x
newspaper	guide	-0.30847830138572746
timid	bold	3.2558107092151043
grimace	comfort	x
glaze	sauce	3.430393978833416
smooth	jagged	4.168714796824227
love	wonderful	1.3231459560892112
murder	motive	2.825453143281292
angry	outraged	3.8481952264011605
intoxication	alcohol	4.992007227702981
powder	moisten	x
mineral	geology	2.7967639417112364
chilly	freezing	4.914927361373123
Christianity	religion	4.5431754052267
pig	hooves	4.584965999950203
fluent	language	4.446710557296239
decision	idea	-0.17230591952193305
technique	effective	1.918840241436956
revolution	war	1.7247636362766676
amplifier	violin	x
interested	apathetic	1.9799600964013837
benefactor	poor	2.3315023511238464
debate	argument	2.530095616313357
excuse	permit	1.5115921125494864
Thanksgiving	turkey	5.824979374646853
saintly	holiness	x
kidney	body	1.2972478728679004
teacher	professor	2.720654334304029
nurse	operate	0.06984858254620073
jingoist	nationalistic	x
dubious	discussion	1.1427466812947524
slaughterhouse	meat	5.634847289533139
wary	trust	2.9866255207197856
tournament	judges	-0.5431899203313284
peripatetic	mobile	x
compassion	virtue	2.0587210428788065
linguistics	language	3.7981640959205736
righteous	judgment	3.5940876727340307
tenacity	determination	5.774241834183062
reputable	shady	x
convulsion	shudder	x
nebulous	distinct	1.6951636998693391
recluse	friendly	x
objective	task	1.0957829473461624
ravenous	hungry	4.125571038165414
stone	lithograph	1.1650886987015572
marsupial	kangaroo	7.418230376825199
voluble	fluency	x
palisade	resort	x
masterpiece	create	-2.171678348720208
modicum	abundance	x
rant	soliloquy	x
garrison	garrulous	x
hypotenuse	triangle	7.992330600891386
treachery	forgiveness	2.2402500315858944
unbecoming	improper	4.545946970015401
manufacturer	production	1.5119704933082316
punishment	penance	3.360179596146056
scholarly	erudite	4.330611498623837
crustacean	swim	1.1121899143807672
tree	deciduous	3.7214165777777217
commission	wage	0.7667333161790338
troupe	theaters	1.1848082796132622
word	lexicon	3.659500522065352
humanitarian	mortal	x
clandestine	overt	4.595150791723696
inebriated	sobriety	5.938813383763684
vapid	liveliness	x
rivulet	powerful	x
homophone	definition	1.9527554338826882
ascetic	frugal	4.623251979149076
witness	judgmental	x
fallacy	lie	2.1903373376494817
astute	clever	4.565050732439376
apprehensive	doubt	x
circumspect	attention	x
venerate	desecrate	x
anthology	passages	2.3773554569048443
concubine	spouse	3.73378891562042
teacher	tenured	2.644265910514645
condiment	eat	x
domineering	power	0.3535516331258079
fanatical	enthusiastic	x
examination	accusation	x
profanity	censored	6.27501766339087
ruined	annihilated	x
dichotomy	division	0.9098945437464168
appendage	body	2.7722125307013767
infertile	family	-0.9824267476853424
lummox	grace	x
predicament	solve	1.826074719881489
putsch	government	2.9839776882172604
conspiracy	successful	-0.32078556726555885
prescient	correct	x
caustic	relaxing	x
chef	entree	x
ethereal	concrete	x
precocious	direction	x
feline	cat	5.259671640575117
bigot	prejudiced	8.293069592675588
beautician	paint	x
performance	stellar	1.4762001807726854
coveted	desired	1.8760291818622796
preeminent	important	0.13776866519538294
fornication	marriage	3.8545227877479933
vicious	wrath	1.3486912075136184
revision	edition	2.9531404318585506
nod	acquiescence	x
deal	hustle	x
precinct	city	1.9748337288934856
candidate	deprecate	x
omniscient	omnipotent	10.263235014654688
alacrity	clarity	x
prince	opulent	1.3426883502612557
irritating	pleasing	x
vibration	perception	x
chord	music	1.21670218869061
sequoia	longevity	6.203958203822894
prophet	rogue	x
humorous	wit	3.049589126504164
claustrophobia	closets	x
hero	folksy	x
revere	denigrate	x
continent	nation	1.6631423403698131
decathlon	competition	2.9905106910439505
theologian	cancer	-1.7740858848355812
retain	burst	-0.19546236483228172
landscape	surround	-1.2764451602098472
bureaucracy	administration	2.6443685698423245
chef	fat	1.488351368329646
refrigerator	cool	3.609024021309738
mystery	boring	x
mother	daughter	3.462293635180992
shy	timid	6.939910288655429
boat	mountain	-0.24312877480746425
unpopular	wealth	-1.2126452793228155
success	failure	3.1955922480446266
magic	children	0.02776025953396323
ketchup	condiment	7.433064124500505
lawyer	mercy	-0.7834114216470202
wave	water	1.0642477394904144
king	royal	3.225446256268815
victory	defeat	3.0206574314156898
core	apple	1.2530934403638632
hill	mountain	3.4038110282483514
leather	cows	1.5548971792708577
minnow	fish	4.860222076158768
television	watch	1.2453591007836968
building	house	1.9257889051515336
lens	microscope	4.830351227956009
maid	chores	3.903876725088107
impossible	easy	-0.20836714299243894
clean	filthy	3.30175380569857
sin	immoral	2.3233730809642377
mask	face	3.8031914001789167
salt	food	1.596112961422144
idea	true	0.8794096885342348
prestigious	honor	2.5008294679281264
athlete	thin	x
meat	fried	4.494900660167435
map	navigate	3.2647054995133957
fish	ocean	2.382426224224499
guitar	music	1.1613239022001445
sleeve	shirt	4.8342936166776935
hurry	delay	x
cow	field	0.30911687283771805
pill	doctor	0.9634674080041254
upset	sadness	0.23809029988237465
possible	easy	0.262202312862203
stove	bake	x
demon	evil	3.4226658203394007
animal	dog	2.377049543635899
library	books	3.540474534520392
referee	team	1.0004290331000905
bathtub	gallons	3.182317187855765
obvious	clear	1.2508132655215232
brilliant	ideas	1.0747351464845611
praise	enjoy	-1.5546981831492417
blade	knife	4.9849865016817185
prisoner	freedom	1.12885353006722
preacher	cook	1.7463205918105191
gun	bullets	3.9205693381471254
necklace	silver	2.546967547443065
beautiful	ugly	4.327473898849826
obvious	mysterious	-0.2505986866594129
language	book	0.15895049452506738
unity	division	1.2375793041515797
silly	thought	0.5860852259817592
jet	airplane	2.7466960687758943
queen	fortress	0.8838105092735901
bomb	destroy	3.3487259285277453
nomad	home	0.0075168320423703704
new	strange	0.16270629448378662
carelessness	mistakes	4.723040074308033
tree	free	-0.8076964255750572
overweight	skinny	5.032714403591275
father	brother	2.9716822886780982
march	belief	-1.4276925093471249
baseball	basketball	4.766111901245698
bracelet	stylish	x
disabled	worth	-1.4277442915462557
moral	story	2.0600538800111288
wrench	tool	5.007278761287046
librarian	bookstore	3.306160092853577
strange	weird	4.878248844317709
soup	drink	2.0238001251553257
heart	love	1.8856109734750188
neutral	prejudice	x
unwanted	discarded	4.027858643238671
fire	heat	1.707363340016515
easy	simple	1.9474322093501744
beach	shore	3.242231002685146
sunset	early	-0.11707158140147962
head	face	1.606504537064244
spill	run	-0.1725893832586576
dentist	teeth	4.286865906431732
trust	pleasure	0.6229524768143961
novice	experience	2.1926683568108327
wonderful	good	1.587003113731395
frog	tadpole	6.2304956992171725
politician	destroy	-1.6977390686563858
piercing	sharp	2.5354936583499894
pretzel	salty	x
spider	insect	4.748153298385883
pleasant	enjoyable	3.8722431413293616
coffee	cafe	3.9012392796972257
music	invention	-0.199075138510885
arrogant	money	0.5142084335234854
song	note	-0.6527048762032438
foreground	landscape	2.7190088477223973
criminal	deviate	x
nauseating	medicine	x
fervid	dispassionate	x
president	tyrannical	x
ephemeral	fleeting	5.211465714681401
philander	donate	x
gun	bolster	x
anomalous	irregularity	x
bird	fledgling	1.3067832093829916
innocuous	dangerous	2.1509735001739982
halo	messiah	x
peasant	serf	6.784124678165807
scapegoat	blameworthy	x
pavilion	promenade	3.6648365722697007
envy	sin	3.0324875561933635
alabaster	white	1.7276416702512756
grandeur	admire	x
senator	dissentious	x
disparate	distinct	2.3818175120539458
wheelchair	paraplegic	5.709991815455449
impenetrable	defense	3.0572681570927913
subliminal	secret	x
brutalize	bully	x
filthy	lucre	x
sunscreen	radiation	4.3327476838475
record	tarnished	1.3143004494536137
tangible	corporeal	x
alcoholic	tavern	x
turncoat	clothing	x
preventable	foreseeable	x
television	screen	1.4998138614370682
bomb	detonated	6.881938539555535
prodigal	sons	x
talent	prodigy	1.0173042561575203
jewelry	ostentatious	x
hypothesize	prove	x
pleasing	breathtaking	3.0313595479713698
crochet	knitting	8.756025291460443
priest	synagogue	0.5125408860628226
cheese	grate	x
bleach	white	2.3997644855358704
raindrop	torrent	x
aquatic	water	2.4330363587483883
magnanimous	generous	6.125333409486336
Satanism	prophet	x
dire	pressing	2.9038464076935053
ignorant	belief	1.6812756441141068
denouement	plot	3.460661783484458
antique	appraisal	x
canoe	rapid	-0.580393927785689
piano	Italian	-0.3055071583780857
unintelligible	illegible	x
hardwood	floor	3.9177298684973656
importance	instrumental	-0.24851945701949235
insulate	warm	3.077362987636448
implicate	involve	x
maligned	beneficent	x
anomaly	explicable	x
admirable	hero	1.3300863498920044
lemonade	glass	3.12107282165179
unadorned	austere	x
teetotaler	imbibe	x
nightmare	dream	4.452934242465156
allegory	recant	x
spineless	timorous	x
reluctance	hesitation	2.153539422928174
fundamentalist	religion	2.013601917566731
anarchism	government	0.6697059691360226
happy	felicitous	3.8121743590115558
dismay	embolden	x
mend	replaceable	x
child	incorrigible	1.6791135742047685
obesity	fat	4.0707904015972485
revenge	vindictive	x
audacious	bold	3.5763420161226764
oratorio	rhetoric	x
dry	desiccated	4.130888680089858
literary	synopsis	x
excite	pique	x
chef	food	2.9340660510624987
tiger	jungle	3.813342257641807
sweet	rich	2.226372355547928
sweet	flavor	4.7295217292900125
bed	sit	1.6840297854152064
bottle	break	1.34331854197712
radio	sound	0.7057279447919985
long	tall	1.7377204087966052
angry	emotion	0.8340531881082861
upset	late	-0.19590058661153245
strange	weird	4.878248844317709
brave	valiant	6.2236910338369045
bracelet	diamond	3.4693730218547656
weak	fun	-1.3896532757685178
glove	wrist	3.963831625476944
bear	cub	4.713643571091091
table	wooden	0.6822711860332736
tall	intelligence	-2.096186057976769
table	eat	1.5765766907872254
vehicle	transport	1.9153962806765263
dog	cat	5.161212425429575
key	car	-0.3110302397142813
time	fast	0.15271802139544313
tiny	small	1.5363483254738022
farmer	talk	-1.7237254351689644
old	age	-0.3712055912386433
hard	boring	0.4870600009313951
eat	talk	1.8328674537124559
ears	hear	3.943664218632404
tennis	school	0.10241258662931736
tree	run	-1.2805444383236158
fun	good	1.4543709847620296
tulip	flower	5.3608361437094105
leg	chair	2.0682844292526066
perfect	error	1.3769362330364117
pencil	write	2.6485681051786107
conductor	train	2.4246310891146887
right	wrong	3.95278650272487
kid	child	1.249662253994526
buy	sell	4.7373126768628815
cucumber	onion	7.2108531990956966
birds	nest	4.155733329890085
new	expensive	0.1277823825515398
smooth	straight	2.1136538023946816
bag	open	0.7715333060041616
bed	comfortable	1.3856901956579557
mechanic	repair	3.4748494681335216
fake	phony	5.3044794698743765
flute	instrument	4.083429511850257
hat	suit	2.947072331109773
cold	cool	3.3514450455458618
nose	bird	-0.7969707049673516
teacher	good	-0.2086333324603065
smart	tired	x
funny	clever	5.4295677030269776
heavy	power	0.13878533159728842
eraser	write	x
ring	expensive	-0.7482961064737235
rice	hunger	1.4424820282905866
hands	run	-0.665230590560063
phone	touch	2.2597779647941247
thick	thin	4.499117120108083
water	food	1.7544904927980751
crazy	funny	4.1688030761411845
excited	boring	0.8063526073170849
hard	difficulty	0.6217285725515791
dentist	teeth	4.286865906431732
hat	suit	2.947072331109773
cup	drink	2.879570843280708
king	smart	x
broom	sweep	6.263961283282129
toilet	kitchen	4.1647573498556785
window	glass	3.5425111475263487
delicious	tasty	5.89819307287282
steak	good	-0.098911568111286
sweater	knit	6.523156623730088
cake	delicious	1.4443548159006747
sweet	strong	0.9345674260754916
feet	toes	5.2295181295956485
pencil	study	-1.0159850133693389
air	water	2.18706511716202
easy	difficult	2.1507718794347914
strong	confidence	0.36020285478500585
peach	fruit	4.523799473699957
ruler	time	0.6469064637742478
computer	expensive	0.5385829984817246
unhappy	sad	3.633366964036045
old	health	-0.6822818315429074
talented	skilled	3.190074626960185
wheel	bicycle	3.019454025553952
knife	cut	3.525912987576136
cold	warmth	3.235200659642302
glass	window	3.9318976455009036
science	boring	-0.2255501568961376
sweet	tasty	5.5445388811503085
spoon	drink	1.6968493612580515
chair	table	2.8116086756720957
ruler	length	0.9820214058200476
Wednesday	night	1.9532566981306787
math	fun	0.3095017093478009
palace	hut	1.3686885990095332
plain	ordinary	2.359641975116997
rainforest	lush	2.7820228396144366
sin	blessing	2.499221988360584
restored	renewed	1.9119230428168044
fabricate	lie	2.176021347121262
apathetic	knowledge	x
party	politician	-0.11967700382649048
instruct	educate	2.9321985564778412
windshield	car	3.650935920992693
fortune	money	1.5111032382120893
hero	fictional	1.3998876601888737
scrutinize	ignore	x
stamp	currency	2.7981664632438608
inference	consequences	1.7452464847350913
autocratic	democratic	4.7500984391114285
inspirational	reality	-0.7700626162387579
define	prove	0.18414935626103116
summit	mountain	4.545236248240911
grandmother	age	0.4514785792588119
mystery	obvious	x
noteworthy	important	-0.0698334992263665
vine	oranges	2.8127614959462672
opera	song	0.6686956245655556
superficial	genuine	2.4135786461053708
judge	laws	0.5558451910508679
spice	flavor	5.217447821636
purse	expensive	0.2764193523583893
bus	stop	3.075907007037085
excited	cheer	0.8465762885812093
safety	peril	1.8628610014380207
whip	evil	-0.8585248427264494
archive	album	-1.0683558596092415
currency	credit	3.0303699307797416
joke	importance	-1.3027771147075202
funeral	eliminate	x
unkind	hurtful	x
bronze	metal	1.4943728938401661
unhealthy	control	1.3275426079907198
enjoy	entertain	-0.1352536478740921
island	lonesome	x
movie	film	1.9971036849378707
seatbelt	plane	x
depressed	angry	4.423182959912085
flimsy	sturdy	5.298945497700265
problem	solution	3.4808312573979507
boots	sprint	x
beverage	drink	4.160424705600879
rest	relax	1.6492589133695037
rational	proof	2.0172785992675584
meal	dessert	5.022018910164324
wallet	cash	4.120318530397799
upsetting	exciting	x
music	art	1.808789026431808
sermon	religious	1.7124430297069384
vaccination	disease	4.1017544281317635
human	monster	1.6467154328325295
dramatic	tragic	3.3152964869228723
terrified	logic	x
cold	contagious	0.0899769564211243
fight	argument	-0.08883262565614268
friend	companion	3.879003263533945
license	traffic	0.3076126357126951
punctual	late	0.9735639147926464
letter	symbol	2.1758184040746884
toilet	waste	3.3091261970178847
contemporary	modernity	1.0381379580844534
church	pew	4.195372761436542
denounce	embrace	x
career	fulfilling	0.483075072867512
reservation	table	0.8811015778749282
hut	dwelling	4.088221259727056
clothespin	hang	5.33937986919163
classy	mannered	x
shrug	uncertainty	x
spacecraft	rocket	4.376046904474015
moral	judgmental	4.519095111128414
radiation	toxic	2.5646454524735383
suitcase	wheels	3.2794863337172866
impeccable	clean	1.5699472705456023
glitter	shine	5.594221359541249
perfume	scent	5.881164658456032
clock	watch	3.2064365181638657
horrible	monstrous	3.781772285487415
truth	knowledge	2.1380680551158613
human	lungs	0.4354617690866179
powerful	ability	1.3456648057004421
lighthouse	lamp	3.842555301128885
microphone	loud	2.31718965280414
hood	jacket	2.2804463114391207
keyboard	television	-2.3576664836418204
incomprehensible	illegible	x
miser	stingy	x
newspaper	magazine	3.7439005677935295
conquer	liberate	3.3335128483623198
summer	school	0.8002107356159058
understandable	recognition	x
dictatorship	government	1.7591084874421763
doctor	stethoscope	5.13448095665821
veil	conceal	3.9231591280692006
judge	deciduous	x
conventional	novelty	-0.8521518580977389
congregation	churches	2.255104596715834
pathetic	dignity	x
examination	knowledge	1.6855001305104396
quarrelsome	agreeable	x
pain	agony	4.953745767457306
botany	animals	0.7270263441250755
secular	belief	1.3986328433901152
jeopardy	security	x
aromatic	unscented	x
message	inform	1.8255595444026087
heinous	awful	x
bard	talkative	x
profiteer	mercenary	x
separable	divisible	6.005687060502592
jubilation	anniversary	x
whelp	dragon	6.465441217695668
irreproachable	flaws	x
battleship	armada	x
quarantine	isolate	3.8841781666906647
reflection	inversion	3.654242916282988
lament	testimony	x
rivalry	amicable	3.8384886846994912
procedure	method	2.2965165789545674
crime	wrongdoing	2.61439471160528
resilient	persistent	4.385959686178113
principal	tutelage	0.036279872758050336
innuendo	interpretation	x
persnickety	picky	x
patron	support	-0.0189472252413912
degenerate	racist	x
mortgage	insurance	4.160750489745158
harem	concubines	7.529040044360812
compliment	friendship	x
misanthrope	antagonistic	x
mendacious	untrue	x
obstinate	acceptance	x
quixotic	chivalry	x
spinster	unmarried	5.092271504991417
newspaper	perspective	-0.38378701794413866
knowledgeable	informative	x
slur	pejorative	5.235388460084048
formula	milk	2.3812562035442357
pitiless	callous	7.559248021189827
maternal	coddle	x
capricious	impulse	x
diverge	distract	x
almanac	books	0.8949889063034752
tabernacle	sanctuary	5.045355273090529
virtuoso	skilled	2.170000327399356
mallet	strike	4.021226286256631
abject	poverty	3.999389876940908
edible	delicious	4.862698604629966
death	execution	1.7147701698140956
acceleration	quick	1.7058927329677918
didactic	instructive	6.102259008690977
school	seminary	2.4115656065598468
reprimand	insult	5.569765299097743
incorrigible	punishment	3.78602783557129
reputation	notoriety	1.866461412448799
tonic	dissolve	x
sin	evil	3.6633219315182814
magnate	magnanimous	x
analogous	comparable	1.3104930645419417
amiable	indifferent	x
dissertation	degree	2.4321267808716165
apathetic	depressed	5.07303539188317
perpetual	cessation	x
analgesic	painkiller	8.136030267459233
beetle	venomous	x
lampoon	mock	x
satellite	worldly	x
reviled	despised	x
legendary	unbelievable	0.9074481587812712
treason	state	1.2457087405733989
bourgeois	wealth	2.091066813501019
honor	prestige	2.6664564443917667
handshake	discrimination	x
nuance	pattern	x
philanthropist	charity	3.089345097213571
precedent	preside	x
lethargic	slovenly	x
impartiality	bias	3.2504142040421833
transgression	acceptable	x
tenacious	faltering	x
pictograph	symbol	3.7304855958143066
footnote	connotation	x
physician	medicine	3.402731796789851
metaphor	literal	2.8072545058855107
obtuse	intensity	x
homophobia	discrimination	5.239100760391156
braggart	boastful	x
besmirch	slander	x
page	tome	2.7067042228386464
multitude	feast	x
sojourner	destiny	x
meditate	snooze	x
eulogy	kill	x
astrology	religion	2.7361814309851993
dog	energetic	0.9428479913624244
freezer	cook	x
drama	romantic	2.205887998981128
doctor	nurse	4.737762846130198
enraged	angry	2.540424159962641
helicopter	cloud	0.5294019055923652
homeless	shelter	4.297572444877943
food	hunger	2.808378418764633
grass	house	-0.40046727708264496
lettuce	sauce	5.8980886099549785
mother	children	1.7376131201307146
tornado	clouds	2.3678226628340684
nun	silent	1.580742107366125
coffee	tea	5.813790263790512
mop	broom	6.9432646329798855
helicopter	aircraft	2.7783589155534707
metal	trees	-0.3640834226584237
car	truck	3.441094312470569
book	communicate	-1.3595157296718088
tiger	animal	2.704368428320752
day	night	3.267376757751581
teacher	knowledge	0.7120234929629785
polite	rude	4.962361152568414
angry	upset	4.301721003967635
baby	wise	1.0647602987091636
belt	train	-1.2234878087156984
fate	science	-1.6300119617752318
law	perfect	-0.43971375689305137
written	rhyme	2.411186286635848
student	intelligent	-0.1446804885760704
glass	fragile	1.769318397907411
dog	party	-0.5372557661259032
dirt	ingredient	x
calendar	date	2.936082556964489
player	game	1.7492230665790367
travel	fly	0.2517511135814368
wish	dream	0.6859821134074754
page	book	2.6452127435495028
successful	money	-0.2843603667611592
critical	important	0.045534988449036015
vacuum	clean	1.8204394748351067
trick	magic	2.6010749049533763
saint	nun	3.7027829420097915
kitchen	food	2.544587349575207
employee	company	2.5616834838824967
meter	miles	-0.22530197070365698
guilty	wrong	0.4987210268632137
active	technology	0.3561892052040541
watch	observe	1.3108998927211646
pot	pan	4.957250591628377
doctor	patience	0.5609753222679944
telescope	magnify	5.118132703070798
guitar	drums	5.503353354604408
boat	electric	0.2708823569863897
happy	glad	3.6777426435509226
unkind	happy	x
justice	jail	0.9523694641723012
culture	feeling	0.17644442490401238
doubtful	conviction	x
fact	idea	0.8528519975305575
guide	expedition	2.733573969144736
storm	rain	3.413839934741916
postman	job	2.5866042616853515
little	small	0.19503293638736335
ignorance	knowledge	3.2612683626062378
suit	formal	1.1985398808707253
large	huge	0.6474415729598096
yacht	boat	3.9039585692865986
jacket	suit	2.9394675527588343
concert	music	1.864771018755623
jacket	leather	4.0574929054872815
certain	doubt	0.8833254509530708
chair	table	2.8116086756720957
want	need	1.3706489960992618
cashier	hotel	0.219116252438487
famished	hungry	x
lollipop	candy	6.145467539717966
flag	wave	1.1306987864020033
challenged	rivals	1.3956195480153024
destructive	creative	1.9684603998656207
tire	wheels	3.706960830017464
great	good	0.8857414374464264
stem	flower	3.80564365294138
night	dark	1.3782015779509065
motorcycle	wheel	2.4729840460709434
play	cry	-0.4864529983381024
doctor	children	-0.141591863255948
joy	emotion	2.66284409918202
expert	humility	x
temporary	eternal	1.5826776717119322
girl	human	-0.6522564014389969
judge	uphold	2.29987560858593
fancy	elegant	2.8809600567471314
cloud	gray	0.4109726843348988
fortune	money	1.5111032382120893
spicy	powerful	x
clothing	laundromat	1.7169844597870845
hammer	tool	2.9225626379969216
bitter	remorse	x
flag	pole	2.7214814494822663
benefactor	fortune	2.337812356476075
nunnery	convert	x
bloodthirsty	anemia	x
loquacious	talkative	x
daredevil	audacious	x
malleable	unchanging	x
waver	falter	x
catalyst	precipitate	3.4319304971930684
homogenous	similarity	2.9840317391001547
bankruptcy	indebted	1.9744355487407763
floundering	struggling	x
vinaigrette	salad	8.652431657564446
sarcophagus	funeral	3.3599758677028864
forgery	valuable	x
surplus	squander	x
electricity	outlet	1.5601208560807462
buoyancy	light	-0.9180222464034666
duplicity	increase	x
fluctuation	irregular	3.4999477795777967
botanical	flowery	x
couch	lethargy	x
lacteal	milk	x
reticent	talkative	x
legalize	filibuster	x
questionable	interrogation	x
chauffeur	travel	1.069074432649155
saint	benevolent	0.8186736870271519
dubious	suspicious	1.2678272670732011
drug	stimulant	5.10303009733593
bigamist	wives	5.577072597598221
altruistic	egoistic	8.491678968141612
roof	edifice	1.7763041583187955
scientist	discovered	2.4624238632916176
acrobatic	flexibility	1.7786376856074886
victim	assailant	4.424740658198897
socialism	destructive	x
desiccate	dehydrate	x
offensive	stereotypical	2.3501513669287526
incredulity	faith	3.4030294472349225
ambulance	paramedic	6.801506768380357
newspaper	edit	0.70010842232392
faith	blind	1.0522730264239102
accordion	polka	4.989928560143659
political	democracy	2.455718940104959
mellifluous	smooth	4.539457632062455
blitheness	funeral	x
bleak	desolate	6.839799010421772
feminine	hormones	2.35354336839834
album	photograph	1.4262930131093006
negotiation	bazaar	x
businessman	perspicacious	x
tree	arboreal	3.4115021847153786
plausible	impossible	1.831848966245624
cooperative	rival	-0.023668081511812173
worth	priceless	2.50662689001227
reject	commonplace	x
horrify	concern	x
experienced	inchoate	x
mosaic	ruined	0.24028615570490394
generous	pedant	x
television	screen	1.4998138614370682
conscious	asleep	0.2316421473327017
sycophant	dominate	x
stocking	skirt	x
pedant	walk	x
frightened	petrified	3.8593433620828472
rebuttal	debate	1.5252990209466284
ballerina	nutrition	x
vegetarianism	food	2.060912251434769
improbable	impossible	4.5857450007960185
defend	barricade	2.4967804468179646
sell	profitable	1.9865001172716592
skewer	poignant	x
anemia	iron	4.263954873565812
retract	revocable	x
loquacious	babbling	x
denizen	denomination	x
dismal	lugubrious	x
parsimonious	spendthrift	x
search	discover	2.220682155495568
machine	snow	0.0663183444530715
chair	table	2.8116086756720957
obsessed	interested	0.6260139373649114
fast	time	0.5717968666597417
bag	buy	0.023603561521383827
book	read	2.343801475996138
tree	forest	2.5192393009359373
small	loud	0.951392212009152
hot	ice	1.241500292366641
wise	smart	2.2851550277648367
hot	warm	3.2712851567228762
new	old	1.4228410681919916
sock	hand	2.2205276208101155
strong	hard	0.6651025304990886
hat	head	2.2192884959078145
fish	minnow	5.559050211305661
mom	nice	2.553518006784558
scared	courage	1.156806892306862
pen	build	-1.5253361001939238
pencil	make	0.38582586167740657
wheel	car	3.3177822554647363
gas	machine	0.4059822772948278
money	clean	0.6487507086981167
funny	happy	1.740267608191468
engine	oil	1.7661125333696819
hot	heat	2.7354760721699702
nice	crazy	2.7201321903842293
run	walk	1.5582969141119651
feet	talk	-2.5001422958014867
juice	drink	3.8106386638322913
fish	swim	3.9595675372979464
disgusting	sour	x
aunt	uncle	6.695834616250624
plant	flower	3.1543614734257157
loud	noise	4.878742952595953
hat	protect	0.8146706720789806
bicycle	car	2.18306353597347
cold	freezing	3.9764970059305713
man	woman	3.6721384626314437
see	hear	3.188851205824143
cow	calf	6.883795294339057
snakes	house	0.12907662100196435
great	good	0.8857414374464264
heavy	light	2.1221658494482747
bed	read	0.8531100400030799
car	fast	1.2901924115153658
lawyer	free	-0.3616172157401636
old	new	1.5956162151734747
fruit	apple	4.70934138260033
bird	tree	2.04738669772439
crazy	entertaining	2.7603164955795294
tail	human	-1.1672211285294871
apple	ripe	3.1458883053056153
tall	angry	x
hideous	ugly	x
insignificant	importance	1.707941246880302
table	sit	1.4267843955539397
car	fast	1.2901924115153658
fight	war	2.1935558652995755
cats	scratch	2.693234213007902
flashlight	see	1.84272792968476
terrible	easy	1.245602355138532
transportation	street	0.25990489145542434
sad	happy	4.287548139443847
sweet	mean	0.4268213625717633
cowardly	bravery	x
teacher	apple	0.008346736559382548
toe	foot	4.987165698861414
drill	tool	2.7982578577405177
ring	plain	0.6136139019784039
rock	play	-0.04913133051033927
necklace	dress	1.9261336080970541
water	pool	2.0839218728569904
smart	intelligent	4.161231732123906
beach	sunny	1.7308912112315258
ball	hit	2.9447431433016438
paper	thin	1.7420676587586534
ready	anxious	2.526793809640999
wings	airplane	2.7075209706366428
wheel	move	1.1840620648864724
pain	feeling	2.4710137021696696
strong	thin	0.08595020681166368
thirsty	food	-0.2758834453745115
bus	car	2.1026320163770045
compass	location	0.8956738475255975
feather	light	1.7967206971336072
nervous	young	0.08064807970700723
nice	power	-1.3236471742521807
bored	intrigued	3.5024830167693084
candle	table	2.405957909008024
boat	drive	0.37251261068936814
healthy	meat	0.894444160387138
chicken	beverage	1.0225529057568783
candy	good	0.7595383718121297
loud	intense	2.215153643093823
bath	shower	6.068185846644878
television	computer	0.9860211130269472
pool	depth	1.95928242857248
today	afternoon	-1.3045009326977035
joy	sadness	6.157612930655836
horse	carriage	4.563495321152813
absurd	hilarious	5.177887092140068
film	lengthy	0.7599487928011227
memory	prediction	2.2892167710887654
destroyed	ruined	2.113707670638598
inspire	insult	x
tacky	taste	2.721773032540586
meal	restaurant	3.4765553517410024
acquire	dispose	3.6836772033383647
theater	script	0.297216465086246
counselor	advice	2.556676626074416
alligator	angry	x
repeat	copy	0.6759954752210526
symphony	opera	3.99164969834058
search	rescue	5.572409061064343
ludicrous	absurd	5.439358657348005
unpopular	support	0.6421184871747383
dispense	collect	1.8887791752385563
book	character	1.0220004187273948
detective	accuse	1.8352288041956524
sorcerer	magical	4.417034750306239
original	unique	0.4617219791148708
herd	cows	6.799278093976888
culture	history	2.0656341293789477
wealthy	greedy	2.831336624760615
waterfall	rivers	2.2423403055473607
nose	scent	2.622342852345584
reward	motivational	2.7289230098249484
boat	lake	2.7673747145741827
bored	concentrate	x
sanity	sense	1.8026015857085376
disease	curable	5.326568555856914
ocean	iceberg	4.5188315375543135
denial	reaction	1.936210705604972
message	information	1.1542757609535614
telephone	hear	1.0827982607194957
incredible	mundane	x
tradition	culture	1.987574250433496
intelligent	thought	0.6877368479685124
experience	participate	0.2901257468672773
emergency	urgent	3.7862776614563054
meal	restaurant	3.4765553517410024
shield	sword	4.504936709691733
fit	strong	-0.056455476265985974
tasteful	classy	x
disagreement	dispute	2.1384969705040042
laws	enforce	2.8684049586396103
relay	race	1.5031851205382434
investigate	trust	0.8792578339525159
smug	satisfaction	x
parade	party	0.8514959499004224
pencil	paper	5.148620060839273
improving	hopeful	x
knowledge	wisdom	3.8480857726844615
newspaper	popular	0.2540583952525823
carelessness	accident	3.1581617996128712
scarf	jewelry	1.308067689893028
brief	lengthy	1.4358466130106944
unqualified	credentials	2.696613285754626
car	broken	1.6112670929178587
painting	sketch	2.0461249066288305
handle	shovel	2.4603936425918604
declaration	independence	5.87168473471294
sentimental	emotional	3.51819729421372
chemical	biology	1.8572771296824424
curtain	privacy	3.234785241754828
downtrodden	sadness	x
studio	paintbrush	x
celebrate	congratulate	3.240972866430838
enemy	adversarial	x
bank	fortune	0.4785655405680069
debt	fee	1.8285758698071484
teacher	study	0.5771492564492988
permanent	eternal	1.9641477732515735
speech	language	2.7045260044376485
octagon	shape	4.540242530328106
finite	limited	0.8477707660062671
justice	arbitrary	1.6028857012723194
idea	clarity	-0.2533322365246854
ridiculous	humorous	2.0074436398718825
worth	money	2.445140466941496
shield	attack	1.4967810720679546
fossil	artifact	3.3521478792623727
visible	obvious	1.3992452516261091
courage	bravery	4.985384742686472
whale	tails	2.366377153188006
modest	grace	-0.3549045402696953
warlord	soldier	1.5406568226363802
grandfather	deceased	0.7624147357077302
speech	meeting	1.7666638126721101
bank	vault	2.9763021483969667
overjoyed	happy	3.416457678213588
godmother	magical	3.7340642752078392
fable	story	3.0464681504080477
enjoy	satisfy	-0.0733114881896105
Halloween	candy	4.3050225317295885
renewed	authenticity	0.4488685443378233
thought	feeling	2.1932103527997233
demon	soul	3.1049484545446786
commercial	purchase	0.4247197739973417
philanthropist	amorous	x
controversial	evidence	0.9757931771936978
hierarchy	rulers	2.322918033267229
lazy	health	-1.7012362930564933
revolution	ideology	2.3800571998502216
meticulous	careful	4.177293246552344
emancipation	proclamation	3.5428001426326716
literacy	letters	-0.9736945915141662
unapologetic	remorse	x
territorialism	land	x
corporeal	imagined	x
emporium	purchase	x
laborious	toilsome	x
conflagration	disastrous	x
subpoena	summons	5.975043231845738
sinuous	straight	3.683566862358084
bigotry	friendship	2.1115394824273817
albatross	bird	4.488796918792387
eclectic	versatility	3.1232992953003413
predator	wolf	3.887499578569359
neurologist	think	x
priory	convent	4.603503670481205
opera	aria	5.171734405812005
stereotype	oversimplified	x
supplicant	lender	x
coupon	redemption	5.270544197009962
perpendicular	angled	3.986363879884668
clergyman	divinity	1.2900039289558003
stoic	emotion	4.027979717757197
entertaining	jovial	x
prodigy	learn	0.5671763226673534
lawyer	diplomatic	0.7079959818969581
disciple	leader	2.244211820921191
vernacular	dictionaries	x
seaman	battleship	3.836301901321527
doctor	hospitable	x
militaristic	aggressive	4.83212702283384
polytheistic	salvation	x
requisite	necessity	x
savage	classy	x
stanza	poem	6.122967491607146
malignant	cancerous	8.113031305569463
epitaph	deceased	3.8004005718126983
simile	comparison	4.603033177110738
sensitive	tactful	x
versatile	adapt	2.439333548676879
prudent	wisdom	2.724923539356632
purloin	steal	x
disparity	crimes	1.2080141477162916
pedestrian	sidewalk	5.318777303919228
illness	terminal	2.315125064327777
paradox	contradict	3.042240104955769
pretentious	modesty	x
adamant	opposed	0.29627977359430985
governor	pardon	4.009710979414581
animosity	unwarranted	x
inconspicuous	stealthy	x
parasite	assistant	x
typhoon	hurricane	3.786624148871209
rash	audacity	x
predecessor	origin	-0.5502966247451582
deterrent	dissuade	3.551383357687838
nation	expatriates	0.2953764403480657
building	ramshackle	1.4554863317002984
destitute	affluent	x
bloodthirsty	violent	3.5761211560946595
paleontologist	scientist	3.0761389280370777
inadvertent	presaged	x
impious	dedication	x
omen	destiny	2.298137115406314
politician	obtuse	x
laureate	preside	x
maze	labyrinthine	5.965377809161288
tangential	irrelevant	x
novel	obsolete	-0.4238419076085632
lethargy	energy	0.9091797501021508
haughty	humility	x
mortgage	debt	3.684029421291256
haiku	poetry	4.488775149873889
laceration	injury	3.2449127452344517
cream	lotion	6.160912910226733
ruse	illuminate	x
sacrosanct	sacred	3.9040056073857774
levity	flippancy	x
cliche	intrepid	x
opaque	translucent	6.9803175547815295
favor	currency	1.1542147310623003
alibi	defense	2.519377542202041
fool	sagacity	x
expletive	vulgar	5.6706685620228905
disinterested	ennui	x
agoraphobia	crowds	x
javelin	underhanded	x
cower	submit	5.205089588072254
tirade	government	-0.2641296245040954
lounge	vacation	1.786239564673143
archaeologist	hieroglyphics	x
laud	praise	4.86869637116145
quartet	compose	1.0422270800118316
venom	flavoring	x
priest	religious	2.082085534390549
sink	organize	x
tragedy	sad	2.851576127927784
uncle	aunt	6.006125956305086
sad	upset	2.483130159382973
truck	highway	2.3853557686136857
polite	power	-0.8020359926189208
motivation	dedication	3.2497679233419325
armor	body	1.5675766030774787
bacon	fruit	2.6255029991184906
fool	wisdom	3.683516788256612
blizzard	snow	5.335634217862209
teacher	ordinary	-1.0505910365319993
life	birth	1.4436795268323237
supermarket	office	2.416427069475075
sport	football	2.660458957345176
paper	rocks	-0.4853872686812462
tiger	lion	5.696666725891186
movie	persuade	0.4745307906780857
letter	alphabet	5.3302180187457076
picture	frame	1.9764316315378059
librarian	books	2.073279625514353
tall	honest	0.865006751557484
friendly	popular	0.13069568110867238
husband	rich	0.3667979349958415
ring	wrist	1.55169683730521
gasoline	fuel	4.8160489888226135
villain	evil	3.0916889556363483
invisible	sight	2.142648856731571
spy	friendly	0.4998026606256351
gas	cheap	1.343768529585491
cup	pour	2.6549484799478797
cereal	pancake	4.9727870836422445
ruler	speed	x
tail	human	-1.1672211285294871
steal	take	0.4853488843284223
pearl	clam	5.542693128545276
song	music	1.720778444999277
enslaved	freedom	2.9388508340468347
likely	incredible	-0.820304188286621
car	run	1.2212204892788607
cat	lazy	2.163558818684419
mountain	volcano	3.4600383046210523
butcher	meat	4.8524470514295786
judge	jury	4.961429228093446
pound	ounces	6.383818339231803
secret	hidden	3.734297522938448
employed	money	-0.9901080552629424
worship	admire	2.067303619237784
microphone	radio	2.1507704505054166
man	feelings	0.8793312247528611
nurse	smoke	x
chain	links	0.8053075651258804
phone	broken	0.5386774106570009
successful	rich	0.030690246759097362
polite	common	-0.01749087763498614
happiness	religion	0.6413226938290866
family	tradition	1.4712817557114168
selfish	friends	1.3204979283751228
program	computer	1.4135672227862837
dad	business	1.0584069906570337
parade	walk	1.941734695735521
computer	fire	-1.107957193085481
funny	important	-0.38801881466537663
laughter	jokes	4.3330958537525985
car	safe	0.2427609127147987
strong	forceful	2.652714592290271
salad	cake	4.422595730210193
fruit	apple	4.70934138260033
party	house	0.7892019695141416
school	strict	0.79039905479391
unemployed	hope	-0.8863293868326185
roof	house	2.20561184847686
friend	enemy	1.3307058717447269
artist	studio	2.6649815236958845
uncomfortable	painful	4.8519096849469125
animal	bear	1.910431881321401
truck	transport	2.297796659805369
gullible	truth	2.3213271436198712
animated	happy	-1.873080053022525
mother	children	1.7376131201307146
pretty	sour	x
school	classroom	2.5888580068509013
literature	fancy	0.23905120623980225
buckle	belt	5.787234313368046
exercise	sweat	2.3260978874205027
chef	vegetables	1.2641840986829962
rain	snow	5.7977317889242235
worker	employment	2.21855114207822
distant	far	1.4827532834220858
bull	cow	5.077778343623849
mother	teach	0.561387973501632
traditional	old	-0.07737850814612889
man	violent	0.7435485763309062
diamond	stone	1.9917635457511609
bitter	delicious	1.1312962228913914
medicine	church	-1.1264301839459618
friendship	person	0.1229614908740147
disappointed	stress	x
tea	cup	3.096615819817904
fresco	painting	3.7476486980131103
monument	venerate	x
unnecessary	prerequisites	x
fiery	flagrant	x
waiver	safe	x
obdurate	cooperative	x
betray	trust	5.043412183293592
woman	engender	1.4797752131301602
turbulent	violence	1.276623510326096
dissertation	plagiarized	5.0798762488987865
territorial	terrestrial	x
installment	serial	3.1038199562576168
masquerade	party	1.1856207450438974
headmaster	principled	x
directory	telephone	2.9576399307234085
elevation	pinnacle	-0.16414232631597764
hindsight	perfect	x
homage	copy	0.9017817162922416
leaf	autumnal	3.4032330850881487
autonomous	free	1.5075364180020152
inkling	pen	x
latent	manifestation	1.9953858184029507
stringent	solid	x
dishevel	destroy	x
symbolic	metaphor	2.208336183775803
treaty	war	2.0228623731453204
patron	sexist	x
rural	suburban	4.508749448220957
termite	wood	3.765753494977194
atheist	faith	3.1785858107735305
hazardous	dangerous	3.5855713926251283
frame	painting	0.9865966665274905
tractor	pulled	2.7656453515177595
boorish	propriety	x
predator	ecosystem	4.821650614267534
usury	interested	x
abstain	indulge	x
capricious	restrained	x
asphyxiation	choking	7.710914106507719
tournament	stadium	0.9004147341961056
measurement	weigh	1.2190840232576208
lava	molten	5.092752266629731
koala	marsupial	8.3386005378055
idyllic	dreams	0.8616016576201352
beneficent	upset	x
legitimacy	scam	2.7297846654515303
unique	unprecedented	1.6470538941506614
vivacious	health	x
picnic	basket	2.512055393815573
celebrity	questionnaire	x
narcissist	egocentric	x
teenager	neonatal	x
humorous	amusing	3.378588596038333
padded	resume	3.755911340930112
simplicity	complex	1.3220686754915831
procure	valuable	1.1250414203975558
stigmatize	criticize	x
whimsical	capricious	6.4688713356616905
conjecture	supposed	1.1235478004648327
evil	courtesan	1.1953160710820792
ornament	tree	2.412773755138611
cheap	inexpensive	2.956353325336404
heretic	blaspheme	x
dance	polka	4.141352940525136
smoke	burn	2.5676888102799817
mawkish	stoic	x
ostracism	society	2.8440739869363147
libertine	freedom	1.5255434745832137
choreography	dance	4.237374527605722
ironic	metallic	x
elucidate	clarify	3.8246208898585565
penetrate	impermeable	3.657371585125391
swallow	migratory	2.8649000873831523
cancer	tumors	4.820305565481052
complain	ravenous	x
corpulent	thin	x
concertina	instrument	4.523881903748529
lovable	annoying	x
tentative	agenda	x
elucidate	clarify	3.8246208898585565
shower	water	1.987512837294532
car	garage	3.3511665452223234
quiet	secret	0.7554157296493847
weak	strength	2.192129852322404
boat	swim	2.894223091997596
cup	drink	2.879570843280708
cow	milk	6.505232599079148
huge	big	1.1638476821697816
tired	energy	-0.2496254116879576
silent	noisy	1.4244993841669529
fun	cool	2.0789942223138462
terrible	bad	2.127323116606325
necklace	neck	4.767329466275347
crazy	smart	2.033386013757739
boot	hand	0.04180848990384842
kitten	cat	5.073013513491446
water	wet	2.0853114640031007
sad	emotion	2.510385082027741
knife	cut	3.525912987576136
computer	talk	-0.3013283676728979
lettuce	sandwich	5.5495071178557085
bag	wallet	4.405495823149486
water	cold	1.756147374676331
nice	good	1.9977577425677036
doctor	heal	2.3776040740269693
serious	humor	1.4540798587932109
right	wrong	3.95278650272487
laugh	cry	6.8130868728859175
hands	cry	0.7687295726300111
air	water	2.18706511716202
horse	ride	3.0554425228176645
ugly	pretty	3.893299140459249
sausage	vegetable	2.2662069320838927
lemon	fruit	3.851121000954039
cold	temperature	2.9515680498083525
bus	run	2.567960129893028
driver	ship	-2.8600157222704925
gray	black	3.6431267741520097
checkers	basketball	x
play	learn	0.3928440410428399
pear	fruit	4.546760260850232
cows	city	-1.7790632976702208
scary	bad	0.45250704142521203
fast	quick	2.4022976345098863
apartment	locate	0.9333630521435436
teacher	good	-0.2086333324603065
teacher	learn	0.7230775069882657
shiny	bright	4.079668173427844
animal	horse	1.8993402776972852
finger	hand	4.243658681879774
sad	happy	4.287548139443847
string	guitar	3.180966499000062
money	rich	0.8713923858639686
young	old	2.216114946017726
guilty	wrong	0.4987210268632137
intelligent	belief	0.6879068037067133
straw	drink	3.20798076265428
game	fun	1.7245229587582032
bus	car	2.1026320163770045
clouds	fly	0.8836208155198741
calculator	think	x
depressed	sad	4.407382674090219
nature	wood	-0.14320706051703022
bad	happy	0.7853811422196791
ready	lazy	0.08769329406125652
smart	sense	1.138748524832166
lawyer	computer	-1.4143990814331582
brick	house	2.7523768789508485
fire	water	1.3911003326215374
car	fast	1.2901924115153658
camera	take	1.4752940691393654
faucet	sink	5.648881216973479
silver	metal	2.0529132642820884
crazy	unhealthy	x
ring	beautiful	-0.5765346618808807
letter	communicate	0.16100065478928854
basketball	fun	0.1579283238471044
peaceful	bored	x
arms	legs	5.134585184547619
movie	entertain	0.4914424356151244
food	beverage	5.5699238297954174
hard	nice	0.37579525255481305
bald	hair	3.946701108165632
fish	shark	4.166648043431252
thermometer	temperature	5.58037547057991
dog	friendly	1.2010498505589082
scared	angry	4.133118063219397
scared	courage	1.156806892306862
devastated	disappointed	1.1726332000865114
shoe	pants	2.6562384246083184
hair	comb	4.384813576173686
light	height	-0.0849085593814531
winter	season	1.9357712410137329
traffic	heavy	1.8359277953438211
boring	exciting	3.6189709973014534
shovel	dig	6.274574170645909
drain	sink	3.4480654846942813
building	height	1.5424575300369543
November	December	3.681511411892776
weather	clouds	3.28032419894078
queen	monarch	2.675565199612208
outstanding	impressive	0.8882700485524194
clock	digital	1.6908767994540503
van	automobile	0.3705543322984552
valid	illegitimate	x
ignore	oversee	x
vivacious	intensity	x
burial	death	0.9676366708551236
guard	protect	2.5915374920455037
ketchup	hotdog	7.71478932244089
dictionary	words	4.304504829895
reporter	biased	1.4657665410916068
hear	listen	2.720415222479523
passport	document	4.186345374885569
evaluation	title	-2.007312783781457
kind	benevolent	3.266045597919585
factual	opinion	2.66391483220555
use	employ	0.3167528643529489
courtship	marriage	4.990067195913582
sentry	guard	5.32926152379592
friend	imaginary	0.733719549570482
allowed	forbidden	1.3510619343883636
street	neighborhoods	2.1797001883079825
action	event	0.3758525424591862
fabulous	drab	x
spouse	marriage	3.085889797169591
fork	dice	x
opinion	factual	2.326915708002874
car	garage	3.3511665452223234
immobile	move	1.2792323551129798
comfort	pleasure	3.0750126630199452
folktale	traditional	0.6042453813413706
anchor	aircraft	-1.0021283344460803
essay	story	1.3499543994237109
smile	fear	1.022016547890381
statue	memorialize	2.3063836378341844
unusual	weird	2.6667128582986983
rain	precipitation	4.594857774984246
overweight	shape	1.8839313087466267
damage	repair	2.6996044744676597
artist	idealistic	x
bone	skeleton	3.7072136870820978
medicine	disease	2.1532762645216525
hyper	energetic	5.190495655009227
spicy	delicious	4.962489340319134
fever	issue	-0.16769010781230814
calculators	think	x
document	certificate	2.316691830633336
harvest	plant	1.5576645524556587
famous	popularity	-0.456533270570665
theme	song	2.123462373945101
telephone	communication	2.4019947691480925
baffling	confusing	x
peace	harmony	5.043469163931314
ship	wooden	0.8984622988096501
hope	tornado	-0.8430876019287552
limerick	poem	4.929910790136233
challenging	difficult	2.2283398336670284
unskilled	magic	2.319091211703164
priest	evil	0.9039989080638721
ambulance	hospital	4.682429086618416
button	hole	1.6634110997351512
title	ownership	0.7133452316530733
hopeful	optimistic	5.824865992404642
tent	cabin	3.56940247570328
fan	oxygen	-0.7226634809003009
decrepit	strength	x
bank	dollar	1.7178288273105853
ridicule	mock	4.474973029158137
surface	flat	2.2895465225870675
crystal	jewel	2.7538196109603517
parka	sweater	x
newspaper	guide	-0.30847830138572746
timid	bold	3.2558107092151043
grimace	comfort	x
glaze	sauce	3.430393978833416
smooth	jagged	4.168714796824227
love	wonderful	1.3231459560892112
murder	motive	2.825453143281292
angry	outraged	3.8481952264011605
intoxication	alcohol	4.992007227702981
powder	moisten	x
mineral	geology	2.7967639417112364
chilly	freezing	4.914927361373123
Christianity	religion	4.5431754052267
pig	hooves	4.584965999950203
fluent	language	4.446710557296239
decision	idea	-0.17230591952193305
technique	effective	1.918840241436956
revolution	war	1.7247636362766676
amplifier	violin	x
interested	apathetic	1.9799600964013837
benefactor	poor	2.3315023511238464
debate	argument	2.530095616313357
excuse	permit	1.5115921125494864
Thanksgiving	turkey	5.824979374646853
saintly	holiness	x
kidney	body	1.2972478728679004
teacher	professor	2.720654334304029
nurse	operate	0.06984858254620073
jingoist	nationalistic	x
dubious	discussion	1.1427466812947524
slaughterhouse	meat	5.634847289533139
wary	trust	2.9866255207197856
tournament	judges	-0.5431899203313284
peripatetic	mobile	x
compassion	virtue	2.0587210428788065
linguistics	language	3.7981640959205736
righteous	judgment	3.5940876727340307
tenacity	determination	5.774241834183062
reputable	shady	x
convulsion	shudder	x
nebulous	distinct	1.6951636998693391
recluse	friendly	x
objective	task	1.0957829473461624
ravenous	hungry	4.125571038165414
stone	lithograph	1.1650886987015572
marsupial	kangaroo	7.418230376825199
voluble	fluency	x
palisade	resort	x
masterpiece	create	-2.171678348720208
modicum	abundance	x
rant	soliloquy	x
garrison	garrulous	x
hypotenuse	triangle	7.992330600891386
treachery	forgiveness	2.2402500315858944
unbecoming	improper	4.545946970015401
manufacturer	production	1.5119704933082316
punishment	penance	3.360179596146056
scholarly	erudite	4.330611498623837
crustacean	swim	1.1121899143807672
tree	deciduous	3.7214165777777217
commission	wage	0.7667333161790338
troupe	theaters	1.1848082796132622
word	lexicon	3.659500522065352
humanitarian	mortal	x
clandestine	overt	4.595150791723696
inebriated	sobriety	5.938813383763684
vapid	liveliness	x
rivulet	powerful	x
homophone	definition	1.9527554338826882
ascetic	frugal	4.623251979149076
witness	judgmental	x
fallacy	lie	2.1903373376494817
astute	clever	4.565050732439376
apprehensive	doubt	x
circumspect	attention	x
venerate	desecrate	x
anthology	passages	2.3773554569048443
concubine	spouse	3.73378891562042
teacher	tenured	2.644265910514645
condiment	eat	x
domineering	power	0.3535516331258079
fanatical	enthusiastic	x
examination	accusation	x
profanity	censored	6.27501766339087
ruined	annihilated	x
dichotomy	division	0.9098945437464168
appendage	body	2.7722125307013767
infertile	family	-0.9824267476853424
lummox	grace	x
predicament	solve	1.826074719881489
putsch	government	2.9839776882172604
conspiracy	successful	-0.32078556726555885
prescient	correct	x
caustic	relaxing	x
chef	entree	x
ethereal	concrete	x
precocious	direction	x
feline	cat	5.259671640575117
bigot	prejudiced	8.293069592675588
beautician	paint	x
performance	stellar	1.4762001807726854
coveted	desired	1.8760291818622796
preeminent	important	0.13776866519538294
fornication	marriage	3.8545227877479933
vicious	wrath	1.3486912075136184
revision	edition	2.9531404318585506
nod	acquiescence	x
deal	hustle	x
precinct	city	1.9748337288934856
candidate	deprecate	x
omniscient	omnipotent	10.263235014654688
alacrity	clarity	x
prince	opulent	1.3426883502612557
irritating	pleasing	x
vibration	perception	x
chord	music	1.21670218869061
sequoia	longevity	6.203958203822894
prophet	rogue	x
humorous	wit	3.049589126504164
claustrophobia	closets	x
hero	folksy	x
revere	denigrate	x
continent	nation	1.6631423403698131
decathlon	competition	2.9905106910439505
theologian	cancer	-1.7740858848355812
retain	burst	-0.19546236483228172
landscape	surround	-1.2764451602098472
bureaucracy	administration	2.6443685698423245
chef	fat	1.488351368329646
refrigerator	cool	3.609024021309738
mystery	boring	x
mother	daughter	3.462293635180992
shy	timid	6.939910288655429
boat	mountain	-0.24312877480746425
unpopular	wealth	-1.2126452793228155
success	failure	3.1955922480446266
magic	children	0.02776025953396323
ketchup	condiment	7.433064124500505
lawyer	mercy	-0.7834114216470202
wave	water	1.0642477394904144
king	royal	3.225446256268815
victory	defeat	3.0206574314156898
core	apple	1.2530934403638632
hill	mountain	3.4038110282483514
leather	cows	1.5548971792708577
minnow	fish	4.860222076158768
television	watch	1.2453591007836968
building	house	1.9257889051515336
lens	microscope	4.830351227956009
maid	chores	3.903876725088107
impossible	easy	-0.20836714299243894
clean	filthy	3.30175380569857
sin	immoral	2.3233730809642377
mask	face	3.8031914001789167
salt	food	1.596112961422144
idea	true	0.8794096885342348
prestigious	honor	2.5008294679281264
athlete	thin	x
meat	fried	4.494900660167435
map	navigate	3.2647054995133957
fish	ocean	2.382426224224499
guitar	music	1.1613239022001445
sleeve	shirt	4.8342936166776935
hurry	delay	x
cow	field	0.30911687283771805
pill	doctor	0.9634674080041254
upset	sadness	0.23809029988237465
possible	easy	0.262202312862203
stove	bake	x
demon	evil	3.4226658203394007
animal	dog	2.377049543635899
library	books	3.540474534520392
referee	team	1.0004290331000905
bathtub	gallons	3.182317187855765
obvious	clear	1.2508132655215232
brilliant	ideas	1.0747351464845611
praise	enjoy	-1.5546981831492417
blade	knife	4.9849865016817185
prisoner	freedom	1.12885353006722
preacher	cook	1.7463205918105191
gun	bullets	3.9205693381471254
necklace	silver	2.546967547443065
beautiful	ugly	4.327473898849826
obvious	mysterious	-0.2505986866594129
language	book	0.15895049452506738
unity	division	1.2375793041515797
silly	thought	0.5860852259817592
jet	airplane	2.7466960687758943
queen	fortress	0.8838105092735901
bomb	destroy	3.3487259285277453
nomad	home	0.0075168320423703704
new	strange	0.16270629448378662
carelessness	mistakes	4.723040074308033
tree	free	-0.8076964255750572
overweight	skinny	5.032714403591275
father	brother	2.9716822886780982
march	belief	-1.4276925093471249
baseball	basketball	4.766111901245698
bracelet	stylish	x
disabled	worth	-1.4277442915462557
moral	story	2.0600538800111288
wrench	tool	5.007278761287046
librarian	bookstore	3.306160092853577
strange	weird	4.878248844317709
soup	drink	2.0238001251553257
heart	love	1.8856109734750188
neutral	prejudice	x
unwanted	discarded	4.027858643238671
fire	heat	1.707363340016515
easy	simple	1.9474322093501744
beach	shore	3.242231002685146
sunset	early	-0.11707158140147962
head	face	1.606504537064244
spill	run	-0.1725893832586576
dentist	teeth	4.286865906431732
trust	pleasure	0.6229524768143961
novice	experience	2.1926683568108327
wonderful	good	1.587003113731395
frog	tadpole	6.2304956992171725
politician	destroy	-1.6977390686563858
piercing	sharp	2.5354936583499894
pretzel	salty	x
spider	insect	4.748153298385883
pleasant	enjoyable	3.8722431413293616
coffee	cafe	3.9012392796972257
music	invention	-0.199075138510885
arrogant	money	0.5142084335234854
song	note	-0.6527048762032438
fresco	painting	3.7476486980131103
monument	venerate	x
unnecessary	prerequisites	x
fiery	flagrant	x
waiver	safe	x
obdurate	cooperative	x
betray	trust	5.043412183293592
woman	engender	1.4797752131301602
turbulent	violence	1.276623510326096
dissertation	plagiarized	5.0798762488987865
territorial	terrestrial	x
installment	serial	3.1038199562576168
masquerade	party	1.1856207450438974
headmaster	principled	x
directory	telephone	2.9576399307234085
elevation	pinnacle	-0.16414232631597764
hindsight	perfect	x
homage	copy	0.9017817162922416
leaf	autumnal	3.4032330850881487
autonomous	free	1.5075364180020152
inkling	pen	x
latent	manifestation	1.9953858184029507
stringent	solid	x
dishevel	destroy	x
symbolic	metaphor	2.208336183775803
treaty	war	2.0228623731453204
patron	sexist	x
rural	suburban	4.508749448220957
termite	wood	3.765753494977194
atheist	faith	3.1785858107735305
hazardous	dangerous	3.5855713926251283
frame	painting	0.9865966665274905
tractor	pulled	2.7656453515177595
boorish	propriety	x
predator	ecosystem	4.821650614267534
usury	interested	x
abstain	indulge	x
capricious	restrained	x
asphyxiation	choking	7.710914106507719
tournament	stadium	0.9004147341961056
measurement	weigh	1.2190840232576208
lava	molten	5.092752266629731
koala	marsupial	8.3386005378055
idyllic	dreams	0.8616016576201352
beneficent	upset	x
legitimacy	scam	2.7297846654515303
unique	unprecedented	1.6470538941506614
vivacious	health	x
picnic	basket	2.512055393815573
celebrity	questionnaire	x
narcissist	egocentric	x
teenager	neonatal	x
humorous	amusing	3.378588596038333
padded	resume	3.755911340930112
simplicity	complex	1.3220686754915831
procure	valuable	1.1250414203975558
stigmatize	criticize	x
whimsical	capricious	6.4688713356616905
conjecture	supposed	1.1235478004648327
evil	courtesan	1.1953160710820792
ornament	tree	2.412773755138611
cheap	inexpensive	2.956353325336404
heretic	blaspheme	x
dance	polka	4.141352940525136
smoke	burn	2.5676888102799817
mawkish	stoic	x
ostracism	society	2.8440739869363147
libertine	freedom	1.5255434745832137
choreography	dance	4.237374527605722
ironic	metallic	x
elucidate	clarify	3.8246208898585565
penetrate	impermeable	3.657371585125391
swallow	migratory	2.8649000873831523
cancer	tumors	4.820305565481052
complain	ravenous	x
corpulent	thin	x
concertina	instrument	4.523881903748529
lovable	annoying	x
tentative	agenda	x
elucidate	clarify	3.8246208898585565
shower	water	1.987512837294532
car	garage	3.3511665452223234
quiet	secret	0.7554157296493847
weak	strength	2.192129852322404
boat	swim	2.894223091997596
cup	drink	2.879570843280708
cow	milk	6.505232599079148
huge	big	1.1638476821697816
tired	energy	-0.2496254116879576
silent	noisy	1.4244993841669529
fun	cool	2.0789942223138462
terrible	bad	2.127323116606325
necklace	neck	4.767329466275347
crazy	smart	2.033386013757739
boot	hand	0.04180848990384842
kitten	cat	5.073013513491446
water	wet	2.0853114640031007
sad	emotion	2.510385082027741
knife	cut	3.525912987576136
computer	talk	-0.3013283676728979
lettuce	sandwich	5.5495071178557085
bag	wallet	4.405495823149486
water	cold	1.756147374676331
nice	good	1.9977577425677036
doctor	heal	2.3776040740269693
serious	humor	1.4540798587932109
right	wrong	3.95278650272487
laugh	cry	6.8130868728859175
hands	cry	0.7687295726300111
air	water	2.18706511716202
horse	ride	3.0554425228176645
ugly	pretty	3.893299140459249
sausage	vegetable	2.2662069320838927
lemon	fruit	3.851121000954039
cold	temperature	2.9515680498083525
bus	run	2.567960129893028
driver	ship	-2.8600157222704925
gray	black	3.6431267741520097
checkers	basketball	x
play	learn	0.3928440410428399
pear	fruit	4.546760260850232
cows	city	-1.7790632976702208
scary	bad	0.45250704142521203
fast	quick	2.4022976345098863
apartment	locate	0.9333630521435436
teacher	good	-0.2086333324603065
teacher	learn	0.7230775069882657
shiny	bright	4.079668173427844
animal	horse	1.8993402776972852
finger	hand	4.243658681879774
sad	happy	4.287548139443847
string	guitar	3.180966499000062
money	rich	0.8713923858639686
young	old	2.216114946017726
guilty	wrong	0.4987210268632137
intelligent	belief	0.6879068037067133
straw	drink	3.20798076265428
game	fun	1.7245229587582032
bus	car	2.1026320163770045
clouds	fly	0.8836208155198741
calculator	think	x
depressed	sad	4.407382674090219
nature	wood	-0.14320706051703022
bad	happy	0.7853811422196791
ready	lazy	0.08769329406125652
smart	sense	1.138748524832166
lawyer	computer	-1.4143990814331582
brick	house	2.7523768789508485
fire	water	1.3911003326215374
car	fast	1.2901924115153658
camera	take	1.4752940691393654
faucet	sink	5.648881216973479
silver	metal	2.0529132642820884
crazy	unhealthy	x
ring	beautiful	-0.5765346618808807
letter	communicate	0.16100065478928854
basketball	fun	0.1579283238471044
peaceful	bored	x
arms	legs	5.134585184547619
movie	entertain	0.4914424356151244
food	beverage	5.5699238297954174
hard	nice	0.37579525255481305
bald	hair	3.946701108165632
fish	shark	4.166648043431252
thermometer	temperature	5.58037547057991
dog	friendly	1.2010498505589082
scared	angry	4.133118063219397
scared	courage	1.156806892306862
devastated	disappointed	1.1726332000865114
shoe	pants	2.6562384246083184
hair	comb	4.384813576173686
light	height	-0.0849085593814531
winter	season	1.9357712410137329
traffic	heavy	1.8359277953438211
boring	exciting	3.6189709973014534
shovel	dig	6.274574170645909
drain	sink	3.4480654846942813
building	height	1.5424575300369543
November	December	3.681511411892776
weather	clouds	3.28032419894078
queen	monarch	2.675565199612208
outstanding	impressive	0.8882700485524194
clock	digital	1.6908767994540503
van	automobile	0.3705543322984552
valid	illegitimate	x
ignore	oversee	x
vivacious	intensity	x
burial	death	0.9676366708551236
guard	protect	2.5915374920455037
ketchup	hotdog	7.71478932244089
dictionary	words	4.304504829895
reporter	biased	1.4657665410916068
hear	listen	2.720415222479523
passport	document	4.186345374885569
evaluation	title	-2.007312783781457
kind	benevolent	3.266045597919585
factual	opinion	2.66391483220555
use	employ	0.3167528643529489
courtship	marriage	4.990067195913582
sentry	guard	5.32926152379592
friend	imaginary	0.733719549570482
allowed	forbidden	1.3510619343883636
street	neighborhoods	2.1797001883079825
action	event	0.3758525424591862
fabulous	drab	x
spouse	marriage	3.085889797169591
fork	dice	x
opinion	factual	2.326915708002874
car	garage	3.3511665452223234
immobile	move	1.2792323551129798
comfort	pleasure	3.0750126630199452
folktale	traditional	0.6042453813413706
anchor	aircraft	-1.0021283344460803
essay	story	1.3499543994237109
smile	fear	1.022016547890381
statue	memorialize	2.3063836378341844
unusual	weird	2.6667128582986983
rain	precipitation	4.594857774984246
overweight	shape	1.8839313087466267
damage	repair	2.6996044744676597
artist	idealistic	x
bone	skeleton	3.7072136870820978
medicine	disease	2.1532762645216525
hyper	energetic	5.190495655009227
spicy	delicious	4.962489340319134
fever	issue	-0.16769010781230814
calculators	think	x
document	certificate	2.316691830633336
harvest	plant	1.5576645524556587
famous	popularity	-0.456533270570665
theme	song	2.123462373945101
telephone	communication	2.4019947691480925
baffling	confusing	x
peace	harmony	5.043469163931314
ship	wooden	0.8984622988096501
hope	tornado	-0.8430876019287552
limerick	poem	4.929910790136233
challenging	difficult	2.2283398336670284
unskilled	magic	2.319091211703164
priest	evil	0.9039989080638721
ambulance	hospital	4.682429086618416
button	hole	1.6634110997351512
title	ownership	0.7133452316530733
hopeful	optimistic	5.824865992404642
tent	cabin	3.56940247570328
fan	oxygen	-0.7226634809003009
decrepit	strength	x
bank	dollar	1.7178288273105853
ridicule	mock	4.474973029158137
surface	flat	2.2895465225870675
crystal	jewel	2.7538196109603517
parka	sweater	x
newspaper	guide	-0.30847830138572746
timid	bold	3.2558107092151043
grimace	comfort	x
glaze	sauce	3.430393978833416
smooth	jagged	4.168714796824227
love	wonderful	1.3231459560892112
murder	motive	2.825453143281292
angry	outraged	3.8481952264011605
intoxication	alcohol	4.992007227702981
powder	moisten	x
mineral	geology	2.7967639417112364
chilly	freezing	4.914927361373123
Christianity	religion	4.5431754052267
pig	hooves	4.584965999950203
fluent	language	4.446710557296239
decision	idea	-0.17230591952193305
technique	effective	1.918840241436956
revolution	war	1.7247636362766676
amplifier	violin	x
interested	apathetic	1.9799600964013837
benefactor	poor	2.3315023511238464
debate	argument	2.530095616313357
excuse	permit	1.5115921125494864
Thanksgiving	turkey	5.824979374646853
saintly	holiness	x
kidney	body	1.2972478728679004
teacher	professor	2.720654334304029
nurse	operate	0.06984858254620073
jingoist	nationalistic	x
dubious	discussion	1.1427466812947524
slaughterhouse	meat	5.634847289533139
wary	trust	2.9866255207197856
tournament	judges	-0.5431899203313284
peripatetic	mobile	x
compassion	virtue	2.0587210428788065
linguistics	language	3.7981640959205736
righteous	judgment	3.5940876727340307
tenacity	determination	5.774241834183062
reputable	shady	x
convulsion	shudder	x
nebulous	distinct	1.6951636998693391
recluse	friendly	x
objective	task	1.0957829473461624
ravenous	hungry	4.125571038165414
stone	lithograph	1.1650886987015572
marsupial	kangaroo	7.418230376825199
voluble	fluency	x
palisade	resort	x
masterpiece	create	-2.171678348720208
modicum	abundance	x
rant	soliloquy	x
garrison	garrulous	x
hypotenuse	triangle	7.992330600891386
treachery	forgiveness	2.2402500315858944
unbecoming	improper	4.545946970015401
manufacturer	production	1.5119704933082316
punishment	penance	3.360179596146056
scholarly	erudite	4.330611498623837
crustacean	swim	1.1121899143807672
tree	deciduous	3.7214165777777217
commission	wage	0.7667333161790338
troupe	theaters	1.1848082796132622
word	lexicon	3.659500522065352
humanitarian	mortal	x
clandestine	overt	4.595150791723696
inebriated	sobriety	5.938813383763684
vapid	liveliness	x
rivulet	powerful	x
homophone	definition	1.9527554338826882
ascetic	frugal	4.623251979149076
witness	judgmental	x
fallacy	lie	2.1903373376494817
astute	clever	4.565050732439376
apprehensive	doubt	x
circumspect	attention	x
venerate	desecrate	x
anthology	passages	2.3773554569048443
concubine	spouse	3.73378891562042
teacher	tenured	2.644265910514645
condiment	eat	x
domineering	power	0.3535516331258079
fanatical	enthusiastic	x
examination	accusation	x
profanity	censored	6.27501766339087
ruined	annihilated	x
dichotomy	division	0.9098945437464168
appendage	body	2.7722125307013767
infertile	family	-0.9824267476853424
lummox	grace	x
predicament	solve	1.826074719881489
putsch	government	2.9839776882172604
conspiracy	successful	-0.32078556726555885
prescient	correct	x
caustic	relaxing	x
chef	entree	x
ethereal	concrete	x
precocious	direction	x
feline	cat	5.259671640575117
bigot	prejudiced	8.293069592675588
beautician	paint	x
performance	stellar	1.4762001807726854
coveted	desired	1.8760291818622796
preeminent	important	0.13776866519538294
fornication	marriage	3.8545227877479933
vicious	wrath	1.3486912075136184
revision	edition	2.9531404318585506
nod	acquiescence	x
deal	hustle	x
precinct	city	1.9748337288934856
candidate	deprecate	x
omniscient	omnipotent	10.263235014654688
alacrity	clarity	x
prince	opulent	1.3426883502612557
irritating	pleasing	x
vibration	perception	x
chord	music	1.21670218869061
sequoia	longevity	6.203958203822894
prophet	rogue	x
humorous	wit	3.049589126504164
claustrophobia	closets	x
hero	folksy	x
revere	denigrate	x
continent	nation	1.6631423403698131
decathlon	competition	2.9905106910439505
theologian	cancer	-1.7740858848355812
retain	burst	-0.19546236483228172
landscape	surround	-1.2764451602098472
bureaucracy	administration	2.6443685698423245
chef	fat	1.488351368329646
refrigerator	cool	3.609024021309738
mystery	boring	x
mother	daughter	3.462293635180992
shy	timid	6.939910288655429
boat	mountain	-0.24312877480746425
unpopular	wealth	-1.2126452793228155
success	failure	3.1955922480446266
magic	children	0.02776025953396323
ketchup	condiment	7.433064124500505
lawyer	mercy	-0.7834114216470202
wave	water	1.0642477394904144
king	royal	3.225446256268815
victory	defeat	3.0206574314156898
core	apple	1.2530934403638632
hill	mountain	3.4038110282483514
leather	cows	1.5548971792708577
minnow	fish	4.860222076158768
television	watch	1.2453591007836968
building	house	1.9257889051515336
lens	microscope	4.830351227956009
maid	chores	3.903876725088107
impossible	easy	-0.20836714299243894
clean	filthy	3.30175380569857
sin	immoral	2.3233730809642377
mask	face	3.8031914001789167
salt	food	1.596112961422144
idea	true	0.8794096885342348
prestigious	honor	2.5008294679281264
athlete	thin	x
meat	fried	4.494900660167435
map	navigate	3.2647054995133957
fish	ocean	2.382426224224499
guitar	music	1.1613239022001445
sleeve	shirt	4.8342936166776935
hurry	delay	x
cow	field	0.30911687283771805
pill	doctor	0.9634674080041254
upset	sadness	0.23809029988237465
possible	easy	0.262202312862203
stove	bake	x
demon	evil	3.4226658203394007
animal	dog	2.377049543635899
library	books	3.540474534520392
referee	team	1.0004290331000905
bathtub	gallons	3.182317187855765
obvious	clear	1.2508132655215232
brilliant	ideas	1.0747351464845611
praise	enjoy	-1.5546981831492417
blade	knife	4.9849865016817185
prisoner	freedom	1.12885353006722
preacher	cook	1.7463205918105191
gun	bullets	3.9205693381471254
necklace	silver	2.546967547443065
beautiful	ugly	4.327473898849826
obvious	mysterious	-0.2505986866594129
language	book	0.15895049452506738
unity	division	1.2375793041515797
silly	thought	0.5860852259817592
jet	airplane	2.7466960687758943
queen	fortress	0.8838105092735901
bomb	destroy	3.3487259285277453
nomad	home	0.0075168320423703704
new	strange	0.16270629448378662
carelessness	mistakes	4.723040074308033
tree	free	-0.8076964255750572
overweight	skinny	5.032714403591275
father	brother	2.9716822886780982
march	belief	-1.4276925093471249
baseball	basketball	4.766111901245698
bracelet	stylish	x
disabled	worth	-1.4277442915462557
moral	story	2.0600538800111288
wrench	tool	5.007278761287046
librarian	bookstore	3.306160092853577
strange	weird	4.878248844317709
soup	drink	2.0238001251553257
heart	love	1.8856109734750188
neutral	prejudice	x
unwanted	discarded	4.027858643238671
fire	heat	1.707363340016515
easy	simple	1.9474322093501744
beach	shore	3.242231002685146
sunset	early	-0.11707158140147962
head	face	1.606504537064244
spill	run	-0.1725893832586576
dentist	teeth	4.286865906431732
trust	pleasure	0.6229524768143961
novice	experience	2.1926683568108327
wonderful	good	1.587003113731395
frog	tadpole	6.2304956992171725
politician	destroy	-1.6977390686563858
piercing	sharp	2.5354936583499894
pretzel	salty	x
spider	insect	4.748153298385883
pleasant	enjoyable	3.8722431413293616
coffee	cafe	3.9012392796972257
music	invention	-0.199075138510885
arrogant	money	0.5142084335234854
song	note	-0.6527048762032438
