sect	religion	-0.3814390268352889
decanter	pour	x
unprecedented	forerunners	x
erudite	uneducated	x
truism	obvious	-0.9245704094137276
laconic	concise	1.1765176431526827
lie	prevaricate	x
concession	placate	x
powerless	efficacy	x
rivulet	small	-2.0807447854315857
wretched	cheerful	x
level	hierarchy	-1.9330741500556088
peccadillo	sin	x
tyro	inexperienced	x
blandishment	coax	x
pragmatism	philosophy	0.4206078129675767
vitriol	spiteful	x
invective	blame	x
vernacular	regional	-2.736176824205584
virulent	poisonous	-2.2903131110852293
grenadier	army	-1.3319250199181532
fake	authenticity	-2.345615888361828
nefarious	virtuous	x
castigate	criticize	2.5724075156927633
playful	banter	-1.1648010154783224
embargo	commerce	-2.0028420910930365
pathogen	harmful	-2.71009907018641
conceited	bumptious	x
clause	sentence	-0.2094805883010442
renegade	allegiance	x
sanguine	sickly	x
tripod	camera	0.5377592144958452
cello	played	-1.5984826511542656
demented	lucidity	x
defendant	plaintiff	1.2353319997686596
mud	opaque	-2.722491112590107
assuage	mollify	x
memorable	unforgettable	-1.6891245557531207
antipathy	approval	x
bailiff	courthouse	-1.5838932840649351
pan	saute	x
kindling	combustible	x
print	lithograph	-1.763477110498438
dermal	skin	1.1370091791778236
atrocious	bad	-2.188438529911012
exaggeration	caricature	-2.0716110187804957
tenable	indefensible	x
inchoate	experience	x
branch	bureaucracy	-5.1651301530995255
stock	inventory	-2.1180052675619185
estimate	approximate	-2.51032772383112
heart	cardiac	-0.3368724320653487
inevitable	preventable	x
disingenuous	charlatan	x
authenticity	fraudulent	-4.1258923894818444
polish	shiny	-2.9794825299730845
flatter	rebuff	x
bombastic	turgid	1.4156247898054966
lecher	salacious	x
eccentric	codger	x
legerdemain	deception	x
clean	immaculate	-2.3412857429187808
dilettante	dabble	2.263266756613025
hallucinogen	drug	1.2651524134345575
subterfuge	deceive	x
abiding	ephemeral	x
expulsion	school	-0.7882440405201657
martinet	discipline	0.8353756349325856
abolition	slavery	2.9289371472571943
obdurate	stubborn	x
defame	venerate	x
control	irrepressible	x
farce	ridiculous	-1.9458130192782068
asphyxia	air	-2.3713745867657434
indulge	epicurean	x
immune	susceptible	-0.7643003379377936
demulcent	unguent	x
abominable	disagreeable	x
uncommon	outlier	x
beseech	request	x
musician	music	-0.712220921048782
whale	ocean	-1.21609308444869
terrified	scared	-1.628026589203943
sad	happiness	-5.080899536551887
tongue	taste	-0.781114778180406
chair	sit	-1.083412151931907
wrench	tool	0.8352973956110458
tiny	little	-2.08195034045485
poor	money	-2.5161302823792453
safe	dangerous	-2.246333206251017
great	good	-2.3196962781482293
beautiful	pretty	-2.3364825939349063
ring	finger	0.07775878080991312
correct	right	-2.648374093200006
shoe	foot	-0.43019747303473743
puppy	dog	0.8077285604565309
rock	hard	-1.3962307601250452
sick	health	-1.905862646980481
hammer	hit	-1.9726284606086288
shield	protect	-0.3250385429211117
wall	room	-1.260233787717058
match	fire	-4.1639042568936455
candy	sweet	-0.32882820864016776
huge	big	-2.5699980703466614
teacher	educate	-3.7571559468421967
ugly	beauty	-1.3938132561309928
hilarious	funny	-0.2799654120958973
play	work	-3.4286511947942038
eyes	see	-1.1737298707025567
ham	meat	-0.022692429195345528
bird	fly	-1.2483414386012643
organized	neat	-5.032587219998645
shark	fish	-0.3301762171901493
branch	tree	-0.8555991433543049
dead	life	-1.8562663863026347
shovel	dig	1.295719871138288
pilot	airplane	-0.8930992878582252
near	far	-1.958260105625885
chess	game	-0.8034122130143031
win	lose	-1.5166256123944617
robin	bird	-1.1441287908474909
bees	hive	1.6655310390013018
giant	large	-2.0349902920229908
hard	soft	-0.2313645366280602
map	guide	-1.7776387979337702
apple	heathy	x
salesman	sell	-1.0759286752869899
rare	common	-1.5993428341219436
carrot	vegetable	-0.951058092686334
side	square	-2.1736634203838134
furious	angry	-0.9612345555195836
fin	fish	-0.6921281802186415
blanket	soft	-2.4720758821307287
rich	poor	0.35606447695533106
obese	overweight	1.983530630726955
disorganized	order	-3.4316824306629563
brush	paint	-0.06300000444435958
mountain	tall	-2.1129295936767747
hockey	sport	-0.9984267759101696
teeth	chew	-0.29291119558095
fork	eat	-1.615557602682726
ecstatic	happy	x
steak	meat	0.01185852559661808
nice	mean	-2.3795596554056795
exhausted	tired	-1.2519115513031425
shy	confidence	-2.359121210219133
artist	paintbrush	-3.7669820099741047
letter	word	-0.9402055316163288
dog	pet	-0.7320156934922362
tuxedo	formal	-0.027778998452339724
pot	cook	-0.7255219300571105
cushion	sofa	-1.697954911765157
jazz	music	0.3168052828610391
ancient	old	-2.3849353995336044
boulder	heavy	-2.485336529654293
mircroscope	examine	x
ice	slippery	-2.7505416610414266
depressed	sad	-0.5136239074928051
speakers	stereo	-1.5829585618938864
needle	sew	-0.28274346128779165
joy	emotion	-1.9910527071883168
dangerous	safe	-2.5490151266246577
lazy	ambition	-2.8186803416067505
potato	vegetable	0.3093027633261577
scale	weight	-2.8900974411958282
ball	round	-2.9653101885646933
strange	normal	-2.9887154157454874
ignorant	knowledge	-2.13572303754484
brilliant	intelligent	-2.245840109961072
string	guitar	-0.4638010131615234
razor	shave	0.873809941214228
dry	moisture	-1.3710082066416027
theft	crime	-0.8649068442911617
milk	white	-2.097527102015692
full	empty	-2.6682923935156206
pen	write	-0.9437032639004346
mattress	bed	1.2097263418060653
clock	time	-0.7112860724899721
saturday	weekend	x
war	peace	-0.869753352419736
combatant	fighter	-0.7836007330572005
infantile	immature	-0.03178648801111285
convict	guilty	-0.2442390978021788
rifle	gun	0.3065751933732241
infinite	limited	-2.325362694905062
perish	die	-1.399851431089869
unskilled	expertise	x
ballad	song	-0.1145677160449657
clarify	obscure	-2.112679975262051
bun	hamburger	0.9020493789808792
charity	aid	-0.6291864043221539
traitor	treasonous	-0.23496306976688225
remember	predict	-5.342631441858999
doughnut	pastry	1.3152985510571331
examination	diagnosis	-0.47190986455595096
flamboyant	elaborate	-0.9122558282809704
taboo	acceptance	-3.9297481885781087
confirm	deny	1.735524813289986
salutation	letter	0.6706394073783449
referee	officiate	1.1567862272427318
professor	scholarly	-3.7879490738681345
beneficial	detrimental	1.0746896470214309
bunch	bananas	0.5777751821046998
granite	stone	0.005683759771962749
hyperactive	energetic	-0.2769016865599203
witness	testimony	0.2236081298277193
platter	serve	-1.9423712387246699
superstition	irrational	0.006888875171622464
airplane	hangar	-0.9716756417125068
illiterate	read	0.3897956238143037
honor	disgrace	-2.4931200332144607
whisper	quiet	-1.3420447925202892
island	archipelago	0.10542392516440316
patience	virtue	-0.6811871326276376
kiss	affection	-1.8875585457018969
network	connect	-1.524365916447288
devastated	damaged	-2.4996930966992337
algebra	mathematics	-0.2743095880440805
uninhibited	restraint	-1.698327147409317
offer	request	-3.8246283973374986
epidemic	widespread	-1.5579593591402756
note	melody	-2.8700831027170963
lifejacket	boat	0.21838390663070875
devout	religious	-0.3902419859382824
hidden	visible	-2.2473597524248743
cough	cold	0.6916738845122892
veins	circulate	-3.583863372660233
assassination	murder	-1.3781586300059738
ignite	extinguish	-0.021911561953911408
elderly	youth	-1.810014110420353
conclusion	essay	-2.839754800778462
locker	storage	-0.9724462832676964
excruciating	painful	x
fame	obscurity	-2.5946152724916374
heirloom	inherited	-0.4524002135964941
sunscreen	sunburn	2.320804502586317
contract	agreement	-1.3714162786642772
active	idle	-3.770503873659152
hasty	patience	-2.061100090574171
klutz	clumsy	2.412255219455604
lizard	reptile	0.9746972559390424
battle	war	-1.1888633977025047
treaty	peace	0.35439680791243017
lenient	strict	-0.3372281349754298
blender	appliance	0.8289466400114809
lantern	light	-0.13018285583901365
faded	brilliance	x
classroom	desk	-2.9195160794321917
dwindle	increase	x
ocean	immense	-4.2564436771816005
star	constellation	1.9278182847125784
documentary	film	-0.16443382432815
key	unlock	-1.1019456523884117
nearby	distant	-2.4178124672243526
whimper	fear	x
heart	organ	-2.880010855884873
tidy	unkempt	x
gasoline	flammable	-0.6453259493961224
adolescent	maturity	-2.5743188687814893
boastful	proud	1.0628409927327644
infection	bacteria	0.14732447933338572
mask	disguise	-0.8967389656762086
passport	document	0.016789400708642106
believable	credible	-0.1953753731723096
helium	gas	0.5021632739052211
fish	gills	-1.2060059178007303
insecure	confidence	-2.113878111206738
blaze	fire	-0.1232136165231668
antique	aged	-3.8301777116827322
article	magazine	-0.021666117852281345
lens	camera	0.8768621305532105
appalled	dismayed	0.2708669143356042
slob	messy	0.5004069784859563
fever	symptom	-1.0575425329746115
advocate	criticize	-3.3347916139689864
christmas	gifts	x
boundless	limit	x
coal	fuel	-0.37439218847631855
fisherman	net	0.3624432392632035
brake	decelerate	-1.7321798220613744
extrovert	gregarious	x
suspect	credibility	-4.874338167444198
platform	policies	-3.0655817552213347
aimless	direction	-1.0424880076648555
marathon	endurance	-1.936288146518226
emaciated	thin	-1.4683445063879481
infamy	reputation	-0.9172350261816988
jurisprudence	law	0.5849724282383979
apathetic	zeal	-0.2745830154535733
avarice	generosity	0.5527116549968439
bellicose	aggressive	x
rebuttal	refute	x
mutinous	compliant	x
rant	bombastic	x
castle	edifice	-3.9964464259597166
voluminous	large	-3.116008168425481
negligence	carelessness	-0.1009665781971355
shepherd	dog	0.12655168348117976
irrational	reason	-1.48387569780368
senator	legislature	-0.8343232850176042
galleon	sail	0.5966702074437701
misogynist	feminist	x
parishioner	church	0.8471046480103879
insurgent	rebellious	x
epidermis	skin	1.3015249498897647
quandary	uncertainty	-0.7301578028691644
colloquial	formal	-0.3383532828015911
spy	espionage	-0.5053074166983554
insomniac	sleep	0.6854536928700081
volatile	unstable	-0.4735534984733562
clairvoyant	predict	-0.09770403636108063
dirge	mournful	1.322445159800152
bourgeoisie	class	0.22540504624130805
menagerie	animals	1.9694161241409296
bow	boat	-0.5278675717201499
miser	parsimonious	x
prosaic	exciting	x
infallible	error	-0.6067878895616443
vacuous	intelligence	x
partisan	biased	-0.8273395499388628
initial	acronym	-3.977264007051122
meticulous	careful	-0.5725837686772437
ingenue	naive	x
hamlet	village	0.5296800725333116
frivolous	grave	-3.017122174608103
perceptive	notice	-1.9894998825302252
sophomoric	maturity	x
disparage	encourage	x
smorgasbord	foods	x
capillary	vessel	-0.6523806775982299
ignoramus	unintelligent	x
panacea	cure	0.7750113106758142
maladroit	skill	x
fastidious	particular	-0.56929618765412
exoneration	release	0.6826761041568679
clay	malleable	-3.9728672190374654
pristine	damaged	-3.252175919782402
fetter	restraint	x
map	atlas	-0.6268155133848617
diffident	confidence	x
agnostic	belief	-1.7502879457951528
palliative	relieve	-0.9990933512924032
exorcism	demons	1.1473577834794522
grouch	cantakerous	x
incipient	mature	-2.750427119820693
succulent	rich	-1.043277623682794
caucus	meeting	-1.7418139524779437
indigent	poor	-0.4751740427768808
impromptu	rehearsal	x
maelstrom	storm	x
enigma	mysterious	-2.349610685564163
veil	enshroud	-0.6740590603998343
poison	noxious	-1.885688176655988
placid	tumultuous	x
blatant	obvious	-0.7020367479098261
blasphemy	religion	-0.4316788159873893
tawdry	taste	x
tedium	excitement	x
cringe	discomfort	x
diatribe	speech	x
buttress	wall	0.27541001646669777
jury	deliberate	-1.4276706776122083
saccharine	sweet	x
altruism	selfishness	1.2580239546542749
bishop	ordained	0.4667246027131067
pragmatic	practical	-0.7783722042738114
cauldron	pot	-0.3926442810109633
precept	guidance	x
trinket	value	-1.9495326777161004
euphemism	polite	-0.17325891894232656
frail	brawn	x
acrophobia	heights	2.813481483866191
heretic	unorthodox	x
debunk	verify	x
legend	map	-3.3425366855415506
epistle	letter	0.0731165976173837
detective	mysteries	-0.5731556630847152
thwart	frustrate	-0.8366196473828009
decoy	deceive	0.013276572025493457
larceny	crime	-1.124432348246998
athlete	fit	-4.254659462844644
microwave	heat	-1.5488918226215194
comedy	funny	-1.5303138954360345
brother	sibling	-2.187937434071366
humiliated	embarrassed	0.4509570668606266
train	railroad	-1.9325066581482535
skeptical	belief	-1.86469386429127
optimism	pesimissm	x
sunscreen	skin	1.4837902152400817
spaghetti	pasta	0.7478675015482942
liar	honesty	-1.683125500840627
downpour	rain	2.4334533879073654
wizard	magical	0.21555801572557576
misfortune	luck	-0.13744453455684166
verse	song	0.2256331178970206
almond	nut	0.6428978171574357
wool	sheep	0.9882316041885214
pebble	stone	-0.07518897199355931
newspaper	inform	-3.2409644362051004
bus	automobile	-2.9922405532257814
engine	car	-1.1517259260183403
butcher	meat	0.6837628268514768
obscene	inappropriate	-0.08297977140701357
positive	negative	1.7713238021572628
cigarette	unhealthy	x
helmet	head	-0.37224710220579504
sewing	craft	-1.064527699646428
accident	unintended	-4.674100213954546
trivial	importance	-3.1899650613003856
expert	skilled	-1.9385478379281451
coffee	bitter	-2.1302352684207317
alarm	warn	0.11345615960965555
soda	beverage	-0.974451720818794
clock	time	-0.7112860724899721
deck	ship	-0.03768274717471545
help	hinder	-1.8111901299525224
apple	tree	-0.5383498094615582
shell	nut	-1.4777108054468362
carefree	worry	-2.1439506878989656
huge	large	-2.2772735334415657
torch	illuminate	-0.4653485209140296
jewel	shiny	x
wedding	ceremony	-0.24427799469608474
gallery	art	0.09800196511777166
violinist	orchestra	0.7283292244648907
foot	inches	0.04995218294614074
bright	dull	-0.8249981933089868
apathetic	motivation	x
loathe	dislike	x
root	plant	-0.8262384902129721
orphan	parents	-0.1163258689926407
mirror	reflect	-0.3825397461746109
cloth	threads	-1.2559351753278818
tattoo	permanent	-1.0194932946591355
outdated	modern	-0.5954883716042902
adorable	cute	1.8123633264009509
sculpture	art	-0.2733706337144149
order	chaos	-2.3741298640383577
reckless	caution	x
fork	utensil	0.20441942074753966
general	army	-1.343330915306579
helmet	protect	-0.9232798432919244
bachelor	wife	-4.820187482038496
gigantic	large	-2.45942941717354
pain	discomfort	0.9377956073733736
mansion	large	-2.006545487581212
bald	hairy	-0.12056353020471235
sword	weapon	-0.576973115809909
stage	theater	-2.1419273784058
ruby	gem	0.7449947849195379
building	manmade	-5.868361769831709
insecure	confidence	-2.113878111206738
ingredient	recipe	-0.27093798910800065
nightmare	dream	0.10688904837266408
scientist	laboratory	-1.2137196895628446
hilarious	funny	-0.2799654120958973
surgeon	doctor	-0.971930933171082
siren	alert	0.049334453477577984
ruthless	pity	-3.3542241416075784
mandatory	optional	0.10702541479701363
house	shelter	-2.8995561861148214
strange	familiar	-1.4966763436203503
room	house	-0.9237462436586226
silk	smooth	-3.67455722858412
plant	garden	-1.5118309685002096
trip	fall	-2.1640966021733683
mechanic	cars	-1.8983623269094296
cotton	cloth	-0.0406795876739724
criminal	innocence	-3.3748273456079745
priceless	valuable	-3.31037519677849
rooster	chicken	0.5016447159907754
policeman	enforce	-3.846766126335498
full	empty	-2.6682923935156206
novel	fictional	-1.0935716720305693
daffodil	plant	-0.3575427647634099
unique	uncommon	-3.6580824753280656
bread	bakery	-0.3233635239960004
democracy	government	-1.1392308805172655
extravagant	modesty	x
hand	clock	-2.9649837727695774
fresco	painting	-0.011595368223971043
monument	venerate	x
unnecessary	prerequisites	x
fiery	flagrant	x
waiver	safe	x
obdurate	cooperative	x
betray	trust	0.8144311575938575
woman	engender	-4.789077357817362
turbulent	violence	-2.5299552725707595
dissertation	plagiarized	-1.1070719467645214
territorial	terrestrial	x
installment	serial	-1.2688794571635604
masquerade	party	-2.082806798503894
headmaster	principled	x
directory	telephone	-1.2663068495040748
elevation	pinnacle	-5.706189121052537
hindsight	perfect	x
homage	copy	-3.3123555039351973
leaf	autumnal	-3.0862098104712
autonomous	free	-1.7427987679062755
inkling	pen	x
latent	manifestation	-3.3206268355730426
stringent	solid	x
dishevel	destroy	x
symbolic	metaphor	-2.71565118769467
treaty	war	-1.0653465235532809
patron	sexist	x
rural	suburban	-0.005315409953851724
termite	wood	-0.10483311414688604
atheist	faith	-0.8091897964981692
hazardous	dangerous	-0.5051872812358821
frame	painting	-2.772647399709591
tractor	pulled	-1.5185502989570148
boorish	propriety	x
predator	ecosystem	0.022943483523710576
usury	interested	x
abstain	indulge	x
capricious	restrained	x
asphyxiation	choking	1.9595134511597767
tournament	stadium	-3.100613836775857
measurement	weigh	-3.7507259076260384
lava	molten	-0.1822544117114349
koala	marsupial	2.2133443248308806
idyllic	dreams	-3.6021459446720705
beneficent	upset	x
legitimacy	scam	-2.7643031972051735
unique	unprecedented	-3.0972529236840938
vivacious	health	x
picnic	basket	-2.4923381591021347
celebrity	questionnaire	x
narcissist	egocentric	x
teenager	neonatal	x
humorous	amusing	-1.9666081298727685
padded	resume	-0.9844378264199676
simplicity	complex	-2.213685195208337
procure	valuable	-3.1168206703847536
stigmatize	criticize	x
whimsical	capricious	0.5403566325569308
conjecture	supposed	-3.0726004765088337
evil	courtesan	-4.797423146394385
ornament	tree	-1.3593061093029055
cheap	inexpensive	-1.953141272002876
heretic	blaspheme	x
dance	polka	-1.6302132361442978
smoke	burn	-1.9630567770350744
mawkish	stoic	x
ostracism	society	-0.591741167207099
libertine	freedom	-2.2524206298777134
choreography	dance	0.6360518095971691
ironic	metallic	x
elucidate	clarify	-1.3943011208608582
penetrate	impermeable	-2.4206460840726347
swallow	migratory	-2.2722833401286118
cancer	tumors	-0.3209113387113302
complain	ravenous	x
corpulent	thin	x
concertina	instrument	0.4825604348314374
lovable	annoying	x
tentative	agenda	x
elucidate	clarify	-1.3943011208608582
shower	water	-0.8826892869742374
car	garage	-1.1914328444418922
quiet	secret	-3.1493596063388014
weak	strength	-1.60770962376723
boat	swim	-1.8114940936823536
cup	drink	-1.2904765527549054
cow	milk	2.3469397179753484
huge	big	-2.5699980703466614
tired	energy	-3.639527974556048
silent	noisy	-3.7741365036481516
fun	cool	-2.2955657445161735
terrible	bad	-1.7689199823017776
necklace	neck	0.6119736855551431
crazy	smart	-2.731068857512186
boot	hand	-3.4553840962543303
kitten	cat	0.6268076601593654
water	wet	-2.2225816578102062
sad	emotion	-2.1435117243425954
knife	cut	-0.04551410906081328
computer	talk	-4.284796363290358
lettuce	sandwich	0.3715401418536849
bag	wallet	-1.292096932117912
water	cold	-2.1885677761508457
nice	good	-1.207679973026952
doctor	heal	-2.4554904504118786
serious	humor	-2.905587427529732
right	wrong	-0.2403601408256163
laugh	cry	1.8600516618462342
hands	cry	-4.184305638409674
air	water	-0.6831370071067495
horse	ride	-1.1380225570306488
ugly	pretty	-0.7417625942048803
sausage	vegetable	-2.3463708181427316
lemon	fruit	-0.1952610416362295
cold	temperature	-0.8672531653525046
bus	run	-0.5762516065655389
driver	ship	-6.276737930648947
gray	black	0.41761528822518384
checkers	basketball	x
play	learn	-3.483393062815185
pear	fruit	0.500378218259963
cows	city	-4.569847225941922
scary	bad	-3.4437360574828904
fast	quick	-1.9251264238879349
apartment	locate	-3.6290065997395913
teacher	good	-3.414071048054962
teacher	learn	-3.153159596869759
shiny	bright	-0.1874114073752152
animal	horse	-1.9756056984627888
finger	hand	0.7464660957215963
sad	happy	0.00023111461217726343
string	guitar	-0.4638010131615234
money	rich	-3.039641816163205
young	old	-0.9322924399931732
guilty	wrong	-3.6944256166872727
intelligent	belief	-3.446781431993885
straw	drink	-0.962066633381333
game	fun	-2.5576142335990197
bus	car	-1.2493178907087858
clouds	fly	-3.156192955106784
calculator	think	x
depressed	sad	-0.5136239074928051
nature	wood	-4.013793669641109
bad	happy	-3.50193588261199
ready	lazy	-5.21174453671395
smart	sense	-2.6076978689854373
lawyer	computer	-4.9236012894195005
brick	house	-0.3442455953887121
fire	water	-1.4791017916472318
car	fast	-2.625116808792858
camera	take	-1.5079912196678809
faucet	sink	0.8563803299831363
silver	metal	-1.531083195872711
crazy	unhealthy	x
ring	beautiful	-4.56415220759869
letter	communicate	-4.171553958377348
basketball	fun	-4.124208868510118
peaceful	bored	x
arms	legs	1.0973953712239193
movie	entertain	-4.553890149105194
food	beverage	0.6846499835288506
hard	nice	-4.502396421162318
bald	hair	0.06871048241035367
fish	shark	-0.663445743515635
thermometer	temperature	1.7615542554190526
dog	friendly	-2.9240124622506265
scared	angry	-0.4476525697230194
scared	courage	-3.415374715732118
devastated	disappointed	-3.799446042049971
shoe	pants	-2.261070888627001
hair	comb	-1.1005257060601017
light	height	-3.983120014573617
winter	season	-0.8904340347145114
traffic	heavy	-1.6630844476893265
boring	exciting	-1.052193733822456
shovel	dig	1.295719871138288
drain	sink	-1.344435402296061
building	height	-2.355753925155209
November	December	0.5745984475609824
weather	clouds	-1.4761217418706956
queen	monarch	-2.0860510087944144
outstanding	impressive	-3.5085595553257583
clock	digital	-2.050662240718653
van	automobile	-4.103575904847114
valid	illegitimate	x
ignore	oversee	x
vivacious	intensity	x
burial	death	-1.9436640084078685
guard	protect	-1.093396936613991
ketchup	hotdog	0.6797207494796523
dictionary	words	0.6866547567262179
reporter	biased	-3.7274032628680898
hear	listen	-1.8219452009304409
passport	document	0.016789400708642106
evaluation	title	-5.151713041274056
kind	benevolent	-2.1511577766611643
factual	opinion	-1.4651223427527162
use	employ	-4.2774428452797695
courtship	marriage	1.4002380070099951
sentry	guard	1.191683918076922
friend	imaginary	-4.281453277734393
allowed	forbidden	-3.29916727733285
street	neighborhoods	-2.426981098060496
action	event	-2.9199903682121118
fabulous	drab	x
spouse	marriage	-0.503939391733996
fork	dice	x
opinion	factual	-2.8209449789965113
car	garage	-1.1914328444418922
immobile	move	-2.110086583658595
comfort	pleasure	-1.4625031637022354
folktale	traditional	-2.7518127964782693
anchor	aircraft	-4.343750635486506
essay	story	-1.9678965589976491
smile	fear	-2.9982442722573883
statue	memorialize	-4.050980883344068
unusual	weird	-2.6337113712342908
rain	precipitation	-0.1844872058475524
overweight	shape	-1.906775801680474
damage	repair	-1.4207217333716349
artist	idealistic	x
bone	skeleton	-1.2332171081579046
medicine	disease	-1.5681623783860261
hyper	energetic	0.3214772909288858
spicy	delicious	-0.5810188697578722
fever	issue	-3.7433208297036917
calculators	think	x
document	certificate	-2.2219103475318547
harvest	plant	-1.9285646565187584
famous	popularity	-4.380108320074986
theme	song	-0.9576270997164541
telephone	communication	-1.4142618311668276
baffling	confusing	x
peace	harmony	0.5466732339198384
ship	wooden	-3.1608925047314624
hope	tornado	-5.723002777097938
limerick	poem	0.7555459035621295
challenging	difficult	-1.3704843351702214
unskilled	magic	-1.785176976078414
priest	evil	-3.09819281813222
ambulance	hospital	0.92683988696468
button	hole	-2.626286501569887
title	ownership	-3.357818763222053
hopeful	optimistic	0.5765769897357507
tent	cabin	-0.9909283046434102
fan	oxygen	-4.933091535621456
decrepit	strength	x
bank	dollar	-2.871240351544768
ridicule	mock	-0.5821354621802478
surface	flat	-1.6936596811821931
crystal	jewel	-2.6118756600333337
parka	sweater	x
newspaper	guide	-4.524828023153441
timid	bold	-1.2736656300446492
grimace	comfort	x
glaze	sauce	-1.4097240582491184
smooth	jagged	-1.5728838727572887
love	wonderful	-3.5619171198085486
murder	motive	-2.276257868130481
angry	outraged	-1.5992144212955408
intoxication	alcohol	0.8788883961028644
powder	moisten	x
mineral	geology	-1.9574151690000128
chilly	freezing	0.0881342959479921
Christianity	religion	0.8746809080691798
pig	hooves	-1.1806213139139177
fluent	language	1.2590618969171858
decision	idea	-3.9338286210669415
technique	effective	-1.8527059005400683
revolution	war	-1.3634452604219334
amplifier	violin	x
interested	apathetic	-4.148311976467153
benefactor	poor	-1.1883295747095644
debate	argument	-1.8180362801205727
excuse	permit	-2.8605299178430563
Thanksgiving	turkey	0.5606342426578539
saintly	holiness	x
kidney	body	-1.90897475362306
teacher	professor	-1.259267760165579
nurse	operate	-3.774973397808419
jingoist	nationalistic	x
dubious	discussion	-3.039380564242286
slaughterhouse	meat	1.466163064955038
wary	trust	-1.2423555049799484
tournament	judges	-4.744524448735286
peripatetic	mobile	x
compassion	virtue	-2.561497440741594
linguistics	language	0.6105154355415204
righteous	judgment	-0.9206730797771896
tenacity	determination	1.1940982543645149
reputable	shady	x
convulsion	shudder	x
nebulous	distinct	-2.3151200583503093
recluse	friendly	x
objective	task	-2.984236993624652
ravenous	hungry	-0.98557700980003
stone	lithograph	-4.997541644990903
marsupial	kangaroo	1.7671590498983858
voluble	fluency	x
palisade	resort	x
masterpiece	create	-5.495741124455776
modicum	abundance	x
rant	soliloquy	x
garrison	garrulous	x
hypotenuse	triangle	3.234806345999555
treachery	forgiveness	-2.8207088888972867
unbecoming	improper	-0.5518656228237989
manufacturer	production	-1.5948327926363992
punishment	penance	-2.1452661371770225
scholarly	erudite	-1.6915422792550272
crustacean	swim	-3.5935272712991826
tree	deciduous	-1.4669041868338355
commission	wage	-3.873617867956482
troupe	theaters	-3.436664567760865
word	lexicon	-1.9283252448660704
humanitarian	mortal	x
clandestine	overt	-0.7739619176017226
inebriated	sobriety	0.0566525196816976
vapid	liveliness	x
rivulet	powerful	x
homophone	definition	-2.2478295820109824
ascetic	frugal	-1.4771781322949626
witness	judgmental	x
fallacy	lie	-2.227909691818449
astute	clever	-0.4506235003622016
apprehensive	doubt	x
circumspect	attention	x
venerate	desecrate	x
anthology	passages	-2.3665782389414542
concubine	spouse	-1.322222523295739
teacher	tenured	-3.376127202172378
condiment	eat	x
domineering	power	-2.6162807178907617
fanatical	enthusiastic	x
examination	accusation	x
profanity	censored	0.9923104590836318
ruined	annihilated	x
dichotomy	division	-2.686546452331782
appendage	body	-0.4340100957895837
infertile	family	-3.708142557067297
lummox	grace	x
predicament	solve	-2.4728349525849715
putsch	government	0.09532026076280732
conspiracy	successful	-3.711267280663871
prescient	correct	x
caustic	relaxing	x
chef	entree	x
ethereal	concrete	x
precocious	direction	x
feline	cat	0.8134657872430359
bigot	prejudiced	2.3037785725547786
beautician	paint	x
performance	stellar	-3.5455535494208745
coveted	desired	-2.417614774072301
preeminent	important	-3.0236527643172484
fornication	marriage	0.26469359884440724
vicious	wrath	-3.924575695816295
revision	edition	-0.9243845094924544
nod	acquiescence	x
deal	hustle	x
precinct	city	-0.8159501993782164
candidate	deprecate	x
omniscient	omnipotent	4.2185630327059975
alacrity	clarity	x
prince	opulent	-4.530881933096988
irritating	pleasing	x
vibration	perception	x
chord	music	-1.4871203023462298
sequoia	longevity	1.092101249295933
prophet	rogue	x
humorous	wit	-1.9457683686284788
claustrophobia	closets	x
hero	folksy	x
revere	denigrate	x
continent	nation	-2.010358058390096
decathlon	competition	-0.3806857536456935
theologian	cancer	-5.589852584988831
retain	burst	-4.987392027371401
landscape	surround	-6.1425752051573275
bureaucracy	administration	-1.0747991606928315
chef	fat	-3.0111633830101963
refrigerator	cool	-0.7655359455202804
mystery	boring	x
mother	daughter	0.024852541095755947
shy	timid	1.2260623253900729
boat	mountain	-4.071471051701265
unpopular	wealth	-5.331040644413563
success	failure	-0.6418930620440363
magic	children	-2.869425723256775
ketchup	condiment	1.4699282835043872
lawyer	mercy	-5.761479011097785
wave	water	-1.8059543847783548
king	royal	-0.699375692163344
victory	defeat	-0.7490122626672105
core	apple	-3.5644705948870654
hill	mountain	-0.4245312486454498
leather	cows	-3.436773750337652
minnow	fish	1.158139326676639
television	watch	-2.8115421758935857
building	house	-1.1708335691880267
lens	microscope	-0.38683331498109297
maid	chores	-1.6312484960929927
impossible	easy	-4.21386051090355
clean	filthy	-2.5424324595322827
sin	immoral	-2.9535524453544486
mask	face	0.2621498986512967
salt	food	-1.7254474514706124
idea	true	-2.758288304305902
prestigious	honor	-1.4363826840772131
athlete	thin	x
meat	fried	-0.5329100441238959
map	navigate	-1.6523510181407737
fish	ocean	-1.824874265725848
guitar	music	-1.5424985888366958
sleeve	shirt	0.2366952548570267
hurry	delay	x
cow	field	-2.839683523066061
pill	doctor	-3.247946410843672
upset	sadness	-4.925142912171948
possible	easy	-3.743291055048908
stove	bake	x
demon	evil	-0.5795259058566914
animal	dog	-1.6653488525266582
library	books	0.21441479783430795
referee	team	-1.6930362295468888
bathtub	gallons	-2.055622280785676
obvious	clear	-2.4483581683094178
brilliant	ideas	-2.7223446052127107
praise	enjoy	-5.7937696755193855
blade	knife	0.3658043306755885
prisoner	freedom	-2.6491105743937067
preacher	cook	-3.0634288022041503
gun	bullets	-0.8984082414297883
necklace	silver	-1.1605016253943101
beautiful	ugly	-0.8175040253561416
obvious	mysterious	-4.653959066276519
language	book	-2.9940107444731003
unity	division	-2.358861691926619
silly	thought	-2.9059189097254783
jet	airplane	-2.0380388432816336
queen	fortress	-3.652029980923535
bomb	destroy	-0.6449702777753802
nomad	home	-2.8196026315920184
new	strange	-4.304596306147667
carelessness	mistakes	-0.05463284213190246
tree	free	-4.058031611483348
overweight	skinny	-0.7208427860708521
father	brother	-0.5397589884419461
march	belief	-5.562380745047723
baseball	basketball	1.2340621988997271
bracelet	stylish	x
disabled	worth	-5.4489267948836195
moral	story	-1.2577970784102317
wrench	tool	0.8352973956110458
librarian	bookstore	-2.014167432357289
strange	weird	-0.42217538521528003
soup	drink	-2.146247270880288
heart	love	-1.498923724056386
neutral	prejudice	x
unwanted	discarded	-0.8815437632776367
fire	heat	-2.1231882406545592
easy	simple	-1.7854993399526753
beach	shore	-0.9346062002433452
sunset	early	-2.8784889708714454
head	face	-1.934536964463376
spill	run	-3.3168011197172236
dentist	teeth	-0.052672994383874135
trust	pleasure	-3.914563349907784
novice	experience	-1.2655413342846624
wonderful	good	-1.6184346018632607
frog	tadpole	-0.00943609232162405
politician	destroy	-5.691435274959511
piercing	sharp	-1.8004271980439426
pretzel	salty	x
spider	insect	0.08763220737510716
pleasant	enjoyable	-1.2659735298182495
coffee	cafe	-1.0970020083606422
music	invention	-4.757862771354313
arrogant	money	-2.7942912025592452
song	note	-3.915893711811118
foreground	landscape	-1.389032687027503
criminal	deviate	x
nauseating	medicine	x
fervid	dispassionate	x
president	tyrannical	x
ephemeral	fleeting	-0.6026169437791858
philander	donate	x
gun	bolster	x
anomalous	irregularity	x
bird	fledgling	-3.8764640262658703
innocuous	dangerous	-1.939785173687012
halo	messiah	x
peasant	serf	0.7053748278927487
scapegoat	blameworthy	x
pavilion	promenade	-1.9543236793997567
envy	sin	-1.63317037340833
alabaster	white	-1.4483429700471475
grandeur	admire	x
senator	dissentious	x
disparate	distinct	-1.6284662461657025
wheelchair	paraplegic	-0.5429485501591113
impenetrable	defense	-0.7334199311780877
subliminal	secret	x
brutalize	bully	x
filthy	lucre	x
sunscreen	radiation	0.12013876820987555
record	tarnished	-4.477345075219475
tangible	corporeal	x
alcoholic	tavern	x
turncoat	clothing	x
preventable	foreseeable	x
television	screen	-2.3551741637382366
bomb	detonated	1.6093963477393636
prodigal	sons	x
talent	prodigy	-4.712980079608124
jewelry	ostentatious	x
hypothesize	prove	x
pleasing	breathtaking	-2.6491234104318875
crochet	knitting	3.2382631092502896
priest	synagogue	-4.399430778867024
cheese	grate	x
bleach	white	-0.776220154762553
raindrop	torrent	x
aquatic	water	-0.4371657655203812
magnanimous	generous	1.2668129335623364
Satanism	prophet	x
dire	pressing	-1.8157586306355091
ignorant	belief	-2.453412591586492
denouement	plot	-0.5452500510282063
antique	appraisal	x
canoe	rapid	-4.654318923081001
piano	Italian	-3.8325247678162215
unintelligible	illegible	x
hardwood	floor	0.14370864625203306
importance	instrumental	-4.4585831875610324
insulate	warm	-1.172066728862352
implicate	involve	x
maligned	beneficent	x
anomaly	explicable	x
admirable	hero	-2.9473189610834045
lemonade	glass	-0.7412332027079711
unadorned	austere	x
teetotaler	imbibe	x
nightmare	dream	0.10688904837266408
allegory	recant	x
spineless	timorous	x
reluctance	hesitation	-3.5315323122719864
fundamentalist	religion	-1.6548925795907894
anarchism	government	-2.2189514583184304
happy	felicitous	-3.163763083331166
dismay	embolden	x
mend	replaceable	x
child	incorrigible	-5.113964931471148
obesity	fat	-0.4287243497425936
revenge	vindictive	x
audacious	bold	-0.9531343231370772
oratorio	rhetoric	x
dry	desiccated	-2.41736425362668
literary	synopsis	x
excite	pique	x
chef	food	-0.3874943618302574
tiger	jungle	-0.9808445032384528
sweet	rich	-1.6846618464792464
sweet	flavor	-0.053616111602413634
bed	sit	-2.680606004242156
bottle	break	-2.3984851275986965
radio	sound	-2.6982496439628028
long	tall	-2.4195965275250306
angry	emotion	-3.8198436182620497
upset	late	-3.2876441519005764
strange	weird	-0.42217538521528003
brave	valiant	0.4143889906933896
bracelet	diamond	-1.1240201338173796
weak	fun	-5.6717904681257405
glove	wrist	-1.0386816334272848
bear	cub	-1.0864693726134682
table	wooden	-3.3770836175078385
tall	intelligence	-6.044658708526724
table	eat	-2.6309003952083008
vehicle	transport	-1.802181323808712
dog	cat	0.7150065720974942
key	car	-3.662980146800072
time	fast	-3.762591198912781
tiny	small	-1.3689567077182525
farmer	talk	-5.7071934307864245
old	age	-3.008283100803577
hard	boring	-4.651977995699175
eat	talk	-2.1506005419050043
ears	hear	-0.2278807189790764
tennis	school	-2.6064169074334957
tree	run	-4.424756174782184
fun	good	-1.7510667308326255
tulip	flower	0.9685156175645356
leg	chair	-2.2876644884874877
perfect	error	-2.8327634385964497
pencil	write	-1.1126283080650403
conductor	train	-1.1874986935732446
right	wrong	-0.2403601408256163
kid	child	-2.202315641497565
buy	sell	0.8856886865138589
cucumber	onion	2.05867191801904
birds	nest	-0.3441619384566482
new	expensive	-4.0006512282099065
smooth	straight	-1.7918975573417195
bag	open	-2.4412885564201363
bed	comfortable	-3.1968400615873507
mechanic	repair	-0.6454767397057721
fake	phony	-0.6430024859221677
flute	instrument	0.0421080429331666
hat	suit	-1.2163764399789574
cold	cool	-1.0231149212841568
nose	bird	-4.909244619512349
teacher	good	-3.414071048054962
smart	tired	x
funny	clever	0.4138934702254
heavy	power	-2.8310470194192816
eraser	write	x
ring	expensive	-4.876729717235169
rice	hunger	-3.316327457605821
hands	run	-3.8094423270186297
phone	touch	-1.9984013145894648
thick	thin	0.3242256517078633
water	food	-1.5670699200946816
crazy	funny	-0.5720876189838789
excited	boring	-4.332685389313485
hard	difficulty	-3.6011397208791083
dentist	teeth	-0.052672994383874135
hat	suit	-1.2163764399789574
cup	drink	-1.2904765527549054
king	smart	x
broom	sweep	1.324878959015178
toilet	kitchen	-0.2291310884667878
window	glass	-0.3197948768334131
delicious	tasty	0.01901191706705899
steak	good	-3.3043492837059416
sweater	knit	0.7316187300982059
cake	delicious	-4.099153394176333
sweet	strong	-2.4529481912427604
feet	toes	0.2641027464518545
pencil	study	-4.386199676066069
air	water	-0.6831370071067495
easy	difficult	-1.4480522894024577
strong	confidence	-3.970174488083325
peach	fruit	0.4774174311096883
ruler	time	-1.7412260156557198
computer	expensive	-3.589850612279721
unhappy	sad	-1.2876396175469798
old	health	-3.9521858624037285
talented	skilled	-1.3611654758725191
wheel	bicycle	-1.4069149274790238
knife	cut	-0.04551410906081328
cold	warmth	-1.9064267656416671
glass	window	-0.0004569073157121134
science	boring	-5.364588153526707
sweet	tasty	-0.3346422746554512
spoon	drink	-2.4731980347775617
chair	table	-1.025977483712046
ruler	length	-2.5929035193194934
Wednesday	night	-1.4119265049544882
math	fun	-3.9726354830094217
palace	hut	-3.7315530029843726
plain	ordinary	-1.850103947635212
rainforest	lush	-2.379681194556681
sin	blessing	-2.459074743836813
restored	renewed	-2.5548569286891003
fabricate	lie	-2.2422256823466693
apathetic	knowledge	x
party	politician	-4.037323288957071
instruct	educate	-1.7838079124421156
windshield	car	0.29898601390690194
fortune	money	-1.7973963978706406
hero	fictional	-2.7860416988188725
scrutinize	ignore	x
stamp	currency	-1.5742683210090058
inference	consequences	-2.6235689914219105
autocratic	democratic	0.44708924553815615
inspirational	reality	-4.690805493068074
define	prove	-3.9033293282363086
summit	mountain	0.7168939713471097
grandmother	age	-2.1855989303061216
mystery	obvious	x
noteworthy	important	-3.2312549287389984
vine	oranges	-2.6673357559912927
opera	song	-2.412393849096
superficial	genuine	-2.22769372725297
judge	laws	-3.1829056314675497
spice	flavor	0.4343099807435726
purse	expensive	-3.852014258403056
bus	stop	-0.5761842600007328
excited	cheer	-4.379339244993684
safety	peril	-3.797574791089634
whip	evil	-4.860716568922542
archive	album	-3.9098641472707114
currency	credit	-0.9150718491394564
joke	importance	-5.189281096714203
funeral	eliminate	x
unkind	hurtful	x
bronze	metal	-2.089623566314633
unhealthy	control	-1.7270186929221651
enjoy	entertain	-5.180586232594411
island	lonesome	x
movie	film	-0.7634188881249712
seatbelt	plane	x
depressed	angry	-0.15758767303033236
flimsy	sturdy	-0.08179083784933994
problem	solution	-0.5763476901364497
boots	sprint	x
beverage	drink	-0.009622690434734269
rest	relax	-3.540620925233326
rational	proof	-2.389164759177691
meal	dessert	-0.2621490969998945
wallet	cash	-0.0809794648940938
upsetting	exciting	x
music	art	-1.3258966832275296
sermon	religious	-1.6846148794502107
vaccination	disease	0.3803157852240843
human	monster	-2.933154654447771
dramatic	tragic	-1.4847643918646076
terrified	logic	x
cold	contagious	-5.664911969279323
fight	argument	-4.436964522090072
friend	companion	-0.7463944236649025
license	traffic	-3.366385095765361
punctual	late	-2.118179650496397
letter	symbol	-1.9563793626231576
toilet	waste	-0.8620830697238178
contemporary	modernity	-4.245282883297352
church	pew	-1.7990053172906295
denounce	embrace	x
career	fulfilling	-4.5838651256480745
reservation	table	-2.956484581509213
hut	dwelling	-0.7781709276345884
clothespin	hang	0.5390547178267738
classy	mannered	x
shrug	uncertainty	x
spacecraft	rocket	-0.03957795301763476
moral	judgmental	-2.059816513835792
radiation	toxic	-2.0998663880306863
suitcase	wheels	-1.101066250755527
impeccable	clean	-2.5830588693556193
glitter	shine	0.3881660697874165
perfume	scent	0.6531556764525929
clock	watch	-0.8504647585134166
horrible	monstrous	-1.6954182325032443
truth	knowledge	-1.4305421944577952
human	lungs	-4.516394598949917
powerful	ability	-2.1848817173652715
lighthouse	lamp	-0.9631248000600674
microphone	loud	-2.3487306632364984
hood	jacket	-2.544220562273879
keyboard	television	-5.400744512907269
incomprehensible	illegible	x
miser	stingy	x
newspaper	magazine	0.14473463322795327
conquer	liberate	-2.0225483008333787
summer	school	-1.9086187584469063
understandable	recognition	x
dictatorship	government	-1.129548940012277
doctor	stethoscope	-1.3570668995479855
veil	conceal	-1.1624418732196178
judge	deciduous	x
conventional	novelty	-5.968004800927048
congregation	churches	-1.7188878924881583
pathetic	dignity	x
examination	knowledge	-1.8831101190632167
quarrelsome	agreeable	x
pain	agony	-0.6867920831519958
botany	animals	-2.9033123927142497
secular	belief	-2.736055392310484
jeopardy	security	x
aromatic	unscented	x
message	inform	-2.8395363224831147
heinous	awful	x
bard	talkative	x
profiteer	mercenary	x
separable	divisible	0.1199659267657767
jubilation	anniversary	x
whelp	dragon	1.825615410382533
irreproachable	flaws	x
battleship	armada	x
quarantine	isolate	-1.2668708822086596
reflection	inversion	-1.7109704195892774
lament	testimony	x
rivalry	amicable	-2.1085769207509357
procedure	method	-1.47070756565503
crime	wrongdoing	-2.7814588683000765
resilient	persistent	-0.4258178830424419
principal	tutelage	-5.392675014841188
innuendo	interpretation	x
persnickety	picky	x
patron	support	-2.9971411952097378
degenerate	racist	x
mortgage	insurance	0.1446601037140236
harem	concubines	1.7546394321712742
compliment	friendship	x
misanthrope	antagonistic	x
mendacious	untrue	x
obstinate	acceptance	x
quixotic	chivalry	x
spinster	unmarried	-0.05079050101336827
newspaper	perspective	-4.635338287023345
knowledgeable	informative	x
slur	pejorative	-0.3414247637188533
formula	milk	-1.7770366775595663
pitiless	callous	1.3997350584876491
maternal	coddle	x
capricious	impulse	x
diverge	distract	x
almanac	books	-2.431070830382608
tabernacle	sanctuary	0.27924896204785826
virtuoso	skilled	-2.381239775433348
mallet	strike	0.0009223812539925699
abject	poverty	-0.1087655097549276
edible	delicious	-0.6808096054470417
death	execution	-2.4772715915853323
acceleration	quick	-2.6215313254300296
didactic	instructive	0.03219404438441907
school	seminary	-2.573938516410369
reprimand	insult	0.34302734928757705
incorrigible	punishment	-0.5221117087369803
reputation	notoriety	-3.2003272211579548
tonic	dissolve	x
sin	evil	-0.3388697946778109
magnate	magnanimous	x
analogous	comparable	-3.1697407371574897
amiable	indifferent	x
dissertation	degree	-1.0057416660190241
apathetic	depressed	0.13422037060073155
perpetual	cessation	x
analgesic	painkiller	1.4950334750161758
beetle	venomous	x
lampoon	mock	x
satellite	worldly	x
reviled	despised	x
legendary	unbelievable	-4.8508024895392765
treason	state	-1.5339420865629965
bourgeois	wealth	-2.027328551589729
honor	prestige	-2.0575276414836687
handshake	discrimination	x
nuance	pattern	x
philanthropist	charity	-1.1265730087483277
precedent	preside	x
lethargic	slovenly	x
impartiality	bias	-1.4433511388654876
transgression	acceptable	x
tenacious	faltering	x
pictograph	symbol	-0.4017121708835388
footnote	connotation	x
physician	medicine	-0.4290035782997373
metaphor	literal	-2.2257895120600857
obtuse	intensity	x
homophobia	discrimination	0.8779104294274517
braggart	boastful	x
besmirch	slander	x
page	tome	-3.630707798220405
multitude	feast	x
sojourner	destiny	x
meditate	snooze	x
eulogy	kill	x
astrology	religion	-0.9323130661723216
dog	energetic	-3.926170372717916
freezer	cook	x
drama	romantic	-2.126958475151624
doctor	nurse	0.08502965308183386
enraged	angry	-2.040346472979776
helicopter	cloud	-4.030412435753634
homeless	shelter	-0.02325679998029949
food	hunger	-1.9504310671317755
grass	house	-3.4970897514222057
lettuce	sauce	1.0579705728724456
mother	children	-1.1595728626600237
tornado	clouds	-2.388623277977407
nun	silent	-2.862093798267322
coffee	tea	1.519494822089265
mop	broom	1.25658118753722
helicopter	aircraft	-0.563263385486954
metal	trees	-4.107330447107237
car	truck	-0.8085028922645698
book	communicate	-5.692070342838446
tiger	animal	-1.0391826306666792
day	night	-0.09780644533358523
teacher	knowledge	-2.8565867566106777
polite	rude	-0.4440077164699753
angry	upset	-0.27014919019538225
baby	wise	-3.8476655928770183
belt	train	-4.835617591403632
fate	science	-4.961866110357075
law	perfect	-4.559737600386149
written	rhyme	-2.6742224321701578
student	intelligent	-4.636370492809234
glass	fragile	-3.21540635183556
dog	party	-3.805683309673695
dirt	ingredient	x
calendar	date	-0.5182571859550104
player	game	-1.0437498428161238
travel	fly	-3.788062657045221
wish	dream	-3.660063080685016
page	book	-0.5077484954486642
successful	money	-3.5928600028438886
critical	important	-3.115886441063596
vacuum	clean	-2.3325666650661154
trick	magic	-1.5031932828282015
saint	nun	-1.5306422362166818
kitchen	food	-0.7769730633175497
employee	company	-0.4225926917447131
meter	miles	-3.8732733917809155
guilty	wrong	-3.6944256166872727
active	technology	-3.0166653766021048
watch	observe	-3.2037017925367564
pot	pan	-0.11923759299102472
doctor	patience	-4.640518124403744
telescope	magnify	-1.138067953030436
guitar	drums	1.412776339432631
boat	electric	-3.5674770555678244
happy	glad	-1.8769538405103772
unkind	happy	x
justice	jail	-3.3550984722539328
culture	feeling	-4.0278469353192765
doubtful	conviction	x
fact	idea	-2.9086707040144506
guide	expedition	-1.566152015225282
storm	rain	-0.6963394073034899
postman	job	-1.1205442966271038
little	small	-2.710272096804691
ignorance	knowledge	-0.30734188696741865
suit	formal	-2.7638099870571424
large	huge	-3.3360548760700186
yacht	boat	0.009543351019803558
jacket	suit	-1.223981218329896
concert	music	-0.8390514722812171
jacket	leather	-0.3884526325411376
certain	doubt	-3.575377942324828
chair	table	-1.025977483712046
want	need	-2.069084810696529
cashier	hotel	-3.723201425094784
famished	hungry	x
lollipop	candy	1.1522075219525807
flag	wave	-2.982185723355593
challenged	rivals	-2.998837967444
destructive	creative	-2.073318222340156
tire	wheels	-0.6735917544553495
great	good	-2.3196962781482293
stem	flower	-0.5866768732034937
night	dark	-2.3404771961135458
motorcycle	wheel	-1.7279957021774666
play	cry	-5.439488209377787
doctor	children	-3.038777846046686
joy	emotion	-1.9910527071883168
expert	humility	x
temporary	eternal	-3.2283850613823684
girl	human	-3.795355296519941
judge	uphold	-2.8858432142278487
fancy	elegant	-1.920539956586464
cloud	gray	-3.629697359579213
fortune	money	-1.7973963978706406
spicy	powerful	x
clothing	laundromat	-4.671353264948391
hammer	tool	-1.2494187276790791
bitter	remorse	x
flag	pole	-1.5950823237661875
benefactor	fortune	-2.0892177532911917
nunnery	convert	x
bloodthirsty	anemia	x
loquacious	talkative	x
daredevil	audacious	x
malleable	unchanging	x
waver	falter	x
catalyst	precipitate	-2.228767556027724
homogenous	similarity	-1.804472149772916
bankruptcy	indebted	-3.7087985076771375
floundering	struggling	x
vinaigrette	salad	3.341211978465036
sarcophagus	funeral	-1.0203644245117804
forgery	valuable	x
surplus	squander	x
electricity	outlet	-3.2460614124645724
buoyancy	light	-4.176470478679606
duplicity	increase	x
fluctuation	irregular	-1.1812387174908665
botanical	flowery	x
couch	lethargy	x
lacteal	milk	x
reticent	talkative	x
legalize	filibuster	x
questionable	interrogation	x
chauffeur	travel	-2.52973364833411
saint	benevolent	-4.598529687553597
dubious	suspicious	-3.6032217556007455
drug	stimulant	-0.6678127643587417
bigamist	wives	0.8827719590883644
altruistic	egoistic	1.6959345004046007
roof	edifice	-3.745196183894285
scientist	discovered	-1.1469326533767163
acrobatic	flexibility	-2.9148063557985657
victim	assailant	-1.3965997349496413
socialism	destructive	x
desiccate	dehydrate	x
offensive	stereotypical	-3.0251176042649583
incredulity	faith	-0.5847461600367772
ambulance	paramedic	1.062336938705622
newspaper	edit	-4.1532020481785095
faith	blind	-3.4004272119767256
accordion	polka	-0.781637616525775
political	democracy	-1.7819875281316817
mellifluous	smooth	0.2367562721810258
blitheness	funeral	x
bleak	desolate	1.2125045406451758
feminine	hormones	-2.9617214562202827
album	photograph	-3.1603549239062194
negotiation	bazaar	x
businessman	perspicacious	x
tree	arboreal	-2.3263609607718307
plausible	impossible	-2.3142178414566033
cooperative	rival	-4.096001810229305
worth	priceless	-3.258960423851851
reject	commonplace	x
horrify	concern	x
experienced	inchoate	x
mosaic	ruined	-4.502199640345874
generous	pedant	x
television	screen	-2.3551741637382366
conscious	asleep	-4.797626966066119
sycophant	dominate	x
stocking	skirt	x
pedant	walk	x
frightened	petrified	-2.110434643012638
rebuttal	debate	-2.488195484927656
ballerina	nutrition	x
vegetarianism	food	-1.2606481614579872
improbable	impossible	0.4396781930937911
defend	barricade	-3.448525626024864
sell	profitable	-2.719669128585584
skewer	poignant	x
anemia	iron	0.37022444935083537
retract	revocable	x
loquacious	babbling	x
denizen	denomination	x
dismal	lugubrious	x
parsimonious	spendthrift	x
search	discover	-2.0639845124733824
machine	snow	-4.074192492774359
chair	table	-1.025977483712046
obsessed	interested	-3.477091386451679
fast	time	-1.8163356127702257
bag	buy	-3.919679736327194
book	read	-1.3607853992417824
tree	forest	-1.157242884741697
small	loud	-3.714528104031487
hot	ice	-2.4400820029010237
wise	smart	-2.479299843505089
hot	warm	-0.9781445597759248
new	old	-1.7255663178189071
sock	hand	-1.2766649653480628
strong	hard	-2.9405636791483216
hat	head	-0.9763445740792032
fish	minnow	-0.8534725804554347
mom	nice	-2.3246736669325743
scared	courage	-3.415374715732118
pen	build	-5.04199493732109
pencil	make	-2.4686916008371425
wheel	car	-0.03416765162105458
gas	machine	-3.3450367366855818
money	clean	-3.5042554312031045
funny	happy	-2.5470494166402013
engine	oil	-1.7810715050505654
hot	heat	-1.0950755085011037
nice	crazy	-2.3009142064913
run	walk	-2.5289211767126734
feet	talk	-6.4836102914189455
juice	drink	-0.3594087322033221
fish	swim	-0.7461496483820035
disgusting	sour	x
aunt	uncle	2.476749851776386
plant	flower	-1.237959052719158
loud	noise	0.6588726650848868
hat	protect	-2.8702637565805147
bicycle	car	-1.1688863711123207
cold	freezing	-0.850296059494559
man	woman	0.1590334449365817
see	hear	-0.9826937317873352
cow	calf	1.5490161420047734
snakes	house	-2.9675458533375965
great	good	-2.3196962781482293
heavy	light	-1.136282382827865
bed	read	-2.8514768352348407
car	fast	-2.625116808792858
lawyer	free	-3.611952401648455
old	new	-0.8359822113793287
fruit	apple	-0.10822265265059806
bird	tree	-1.7246931667171264
crazy	entertaining	-2.0128997658854293
tail	human	-4.310320023610431
apple	ripe	-2.1633175896833383
tall	angry	x
hideous	ugly	x
insignificant	importance	-2.1785627351263805
table	sit	-2.9378513941034226
car	fast	-2.625116808792858
fight	war	-0.8946530313990257
cats	scratch	-2.228748236620198
flashlight	see	-1.2050441602454829
terrible	easy	-2.7598910127725795
transportation	street	-3.470183331634125
sad	happy	0.00023111461217726343
sweet	mean	-3.5457162794655828
cowardly	bravery	x
teacher	apple	-4.809217298691546
toe	foot	1.0603618564430428
drill	tool	-1.373723507935482
ring	plain	-3.72160967019972
rock	play	-3.0140499943568906
necklace	dress	-2.3162502712456585
water	pool	-1.9800143068269342
smart	intelligent	-0.33045827210925643
beach	sunny	-3.376074551913088
ball	hit	-0.4873293216871747
paper	thin	-2.432823809641566
ready	anxious	-2.7497409540300786
wings	airplane	-2.077213941420885
wheel	move	-2.2052568738851024
pain	feeling	-1.7332776580536189
strong	thin	-4.088941261588555
thirsty	food	-3.597443858267268
bus	car	-1.2493178907087858
compass	location	-2.6198461214927984
feather	light	-1.4617275351425332
nervous	young	-3.0826073874178332
nice	power	-4.293479525268752
bored	intrigued	-2.2015425232753403
candle	table	-1.4316282503761173
boat	drive	-3.3702040640873894
healthy	meat	-3.274240064190964
chicken	beverage	-3.8627209405096883
candy	good	-2.445899343782526
loud	intense	-2.017443108194694
bath	shower	1.060728663703261
television	computer	-2.5231810949593947
pool	depth	-2.1414229361053194
today	afternoon	-5.765039075756564
joy	sadness	0.994379718601514
horse	carriage	-0.08696633336329003
absurd	hilarious	-0.3481278112324098
film	lengthy	-3.9600726510888933
memory	prediction	-2.680527284783964
destroyed	ruined	-2.6287781254121803
inspire	insult	x
tacky	taste	-1.6355327850602694
meal	restaurant	-0.5293559783842493
acquire	dispose	-1.569177430387472
theater	script	-3.7799458869418343
counselor	advice	-1.605885439967616
alligator	angry	x
repeat	copy	-3.538141745006386
symphony	opera	0.11152340014043216
search	rescue	1.6088274881374671
ludicrous	absurd	0.2195399185879557
unpopular	support	-2.3360754827936083
dispense	collect	-2.315508434882541
book	character	-2.226675764368544
detective	accuse	-3.6506747023868917
sorcerer	magical	-0.09674171424090276
original	unique	-3.1937182078079154
herd	cows	1.8076071643683789
culture	history	-0.7989770412753332
wealthy	greedy	-2.629786779640156
waterfall	rivers	-1.9636482343618955
nose	scent	-2.6056661296578563
reward	motivational	-2.665388386101027
boat	lake	-1.0548396530409774
bored	concentrate	x
sanity	sense	-1.9438448081090656
disease	curable	-1.3482036210100206
ocean	iceberg	-1.2496591865722737
denial	reaction	-2.120657059868944
message	information	-2.001257371916556
telephone	hear	-3.088746676891984
incredible	mundane	x
tradition	culture	-1.3516974795869423
intelligent	thought	-2.804267287738725
experience	participate	-3.6217210058621614
emergency	urgent	-1.288043496216376
meal	restaurant	-0.5293559783842493
shield	sword	0.148776463525837
fit	strong	-3.4439710935842385
tasteful	classy	x
disagreement	dispute	-2.162017565855846
laws	enforce	-1.785252275565162
relay	race	-1.8832643005186442
investigate	trust	-3.3497231917472186
smug	satisfaction	x
parade	party	-2.416931593647369
pencil	paper	1.4513616290169982
improving	hopeful	x
knowledge	wisdom	-0.7487029150011526
newspaper	popular	-2.9111829771598448
carelessness	accident	-0.8320968140528993
scarf	jewelry	-3.410258755240734
brief	lengthy	-3.2841748308793233
unqualified	credentials	-2.492599319292808
car	broken	-2.2516118828249407
painting	sketch	-2.7520333860950665
handle	shovel	-3.1643374126224795
declaration	independence	2.0474286986005907
sentimental	emotional	-0.6697851969260774
chemical	biology	-2.5118824125988737
curtain	privacy	-1.303170397206123
downtrodden	sadness	x
studio	paintbrush	x
celebrate	congratulate	-2.5794165221705025
enemy	adversarial	x
bank	fortune	-3.94846456919926
debt	fee	-2.5185959201905868
teacher	study	-2.7930654062474325
permanent	eternal	-2.846914959842727
speech	language	-0.4831226559414039
octagon	shape	0.7495354199010039
finite	limited	-2.601122270402253
justice	arbitrary	-3.123822375800442
idea	clarity	-5.291625158565738
ridiculous	humorous	-2.6798518038806995
worth	money	-0.8633591691412348
shield	attack	-1.8756841770637005
fossil	artifact	-1.7868998452785445
visible	obvious	-3.0759617671326525
courage	bravery	0.35403525065921104
whale	tails	-2.3933517308983543
modest	grace	-5.019009849143694
warlord	soldier	-2.7356238001455893
grandfather	deceased	-3.747586199138395
speech	meeting	-1.923992146096851
bank	vault	-1.8189081642955716
overjoyed	happy	-0.8708593466180813
godmother	magical	-0.7797121893393014
fable	story	-0.2713828080133133
enjoy	satisfy	-4.733160591284618
Halloween	candy	-0.688237486035797
renewed	authenticity	-4.444695427008171
thought	feeling	-2.0110810074235657
demon	soul	-0.9774480106737732
commercial	purchase	-3.4674144266816587
philanthropist	amorous	x
controversial	evidence	-2.646655934820417
hierarchy	rulers	-2.2272993167149697
lazy	health	-4.9711403239173135
revolution	ideology	-2.2706571528653843
meticulous	careful	-0.5725837686772437
emancipation	proclamation	-1.6784441016013234
literacy	letters	-4.7889611918470285
unapologetic	remorse	x
territorialism	land	x
corporeal	imagined	x
emporium	purchase	x
laborious	toilsome	x
conflagration	disastrous	x
subpoena	summons	0.6064542521388995
sinuous	straight	-0.22198449737831785
bigotry	friendship	-2.1932115781770682
albatross	bird	0.3765230042473872
eclectic	versatility	-2.224807563850783
predator	wolf	-1.011268268858874
neurologist	think	x
priory	convent	-0.3102160911152478
opera	aria	-0.4778088397620791
stereotype	oversimplified	x
supplicant	lender	x
coupon	redemption	0.16508153685299254
perpendicular	angled	-1.4365734437796358
clergyman	divinity	-3.8929139749059516
stoic	emotion	-0.6259170886131392
entertaining	jovial	x
prodigy	learn	-3.309060781190672
lawyer	diplomatic	-3.691802170809544
disciple	leader	-1.3324402422907071
vernacular	dictionaries	x
seaman	battleship	-1.1288523385586386
doctor	hospitable	x
militaristic	aggressive	0.4211752243155702
polytheistic	salvation	x
requisite	necessity	x
savage	classy	x
stanza	poem	1.9486026050330416
malignant	cancerous	2.2660071894813827
epitaph	deceased	-0.7096003630334277
simile	comparison	0.3252083873586697
sensitive	tactful	x
versatile	adapt	-2.220696528958665
prudent	wisdom	-1.8718651483289808
purloin	steal	x
disparity	crimes	-2.9853357140206924
pedestrian	sidewalk	-0.07557461491436801
illness	terminal	-1.906938219358347
paradox	contradict	-2.529208459859153
pretentious	modesty	x
adamant	opposed	-3.5175997831396915
governor	pardon	-1.1443263153195449
animosity	unwarranted	x
inconspicuous	stealthy	x
parasite	assistant	x
typhoon	hurricane	-0.7687143931625634
rash	audacity	x
predecessor	origin	-4.3535201251446765
deterrent	dissuade	-2.272495547965919
nation	expatriates	-5.237305936279828
building	ramshackle	-4.976475438732582
destitute	affluent	x
bloodthirsty	violent	-0.5617926079255339
paleontologist	scientist	-1.4252785932241208
inadvertent	presaged	x
impious	dedication	x
omen	destiny	-2.6740431470355936
politician	obtuse	x
laureate	preside	x
maze	labyrinthine	-0.4801973676216988
tangential	irrelevant	x
novel	obsolete	-5.216007273069173
lethargy	energy	-2.4807228127659395
haughty	humility	x
mortgage	debt	-0.4829228110488472
haiku	poetry	0.7481644749941325
laceration	injury	-0.4349723105738542
cream	lotion	-0.09560585540579562
ruse	illuminate	x
sacrosanct	sacred	-0.4782014610899187
levity	flippancy	x
cliche	intrepid	x
opaque	translucent	1.7072160290228349
favor	currency	-3.2182200531905663
alibi	defense	-1.2713105460688379
fool	sagacity	x
expletive	vulgar	0.28360629342037985
disinterested	ennui	x
agoraphobia	crowds	x
javelin	underhanded	x
cower	submit	0.5697437473579039
tirade	government	-3.1527870519585486
lounge	vacation	-3.024863555939417
archaeologist	hieroglyphics	x
laud	praise	0.4686774999738994
quartet	compose	-3.900901755128205
venom	flavoring	x
priest	religious	-1.3149723747666004
sink	organize	x
tragedy	sad	-2.069430453655241
uncle	aunt	1.2075862480929742
sad	upset	-2.088740034780044
truck	highway	-1.6541795565945674
polite	power	-3.7718683436354903
motivation	dedication	-1.382901305504317
armor	body	-1.6386460234134814
bacon	fruit	-1.4208790434717775
fool	wisdom	-0.913271899429002
blizzard	snow	1.195123380634779
teacher	ordinary	-5.260336959284208
life	birth	-2.274089657766067
supermarket	office	-0.8346415371660091
sport	football	-0.3788846996533573
paper	rocks	-4.764961504921698
tiger	lion	0.9852867745794472
movie	persuade	-4.329992000738201
letter	alphabet	0.6957541548814584
picture	frame	-2.051720826353544
librarian	books	-1.2527801111717307
tall	honest	-3.900626833435052
friendly	popular	-3.0345456913037547
husband	rich	-3.5442362670313323
ring	wrist	-3.4508164215990185
gasoline	fuel	1.0921704188621
villain	evil	-0.9105027705597442
invisible	sight	-2.1022520964427738
spy	friendly	-3.6252596521839
gas	cheap	-3.2743400031968224
cup	pour	-2.536209118258256
cereal	pancake	-0.8683792248595529
ruler	speed	x
tail	human	-4.310320023610431
steal	take	-2.4979364044788244
pearl	clam	-0.12783472413620242
song	music	-0.9830440460375636
enslaved	freedom	-0.8391132704140919
likely	incredible	-5.79659828949939
car	run	-1.9229912471797057
cat	lazy	-3.135879012090788
mountain	volcano	-1.3986764894430488
butcher	meat	0.6837628268514768
judge	jury	0.6064768198567747
pound	ounces	0.8454065037018755
secret	hidden	-0.41185741272580734
employed	money	-4.298607691345673
worship	admire	-3.460306350293544
microphone	radio	-1.1301364955185542
man	feelings	-3.3982234254842534
nurse	smoke	x
chain	links	-2.359626261172851
phone	broken	-3.3242015650857986
successful	rich	-3.880343955268077
polite	common	-3.2426514109838007
happiness	religion	-3.0271718033284336
family	tradition	-2.3248932886736142
selfish	friends	-2.2116741793585435
program	computer	-2.0956349852000584
dad	business	-2.0008591316972466
parade	walk	-2.145483395089117
computer	fire	-4.318003430287684
funny	important	-3.5494402441780086
laughter	jokes	-0.5214383786805238
car	safe	-3.7554008538444696
strong	forceful	-2.8079366292017567
salad	cake	-0.451542030426754
fruit	apple	-0.10822265265059806
party	house	-2.3074205048254197
school	strict	-3.61108635049422
unemployed	hope	-5.04825570646971
roof	house	-0.891010625862701
friend	enemy	-2.312166380009137
artist	studio	-0.9036028542946284
uncomfortable	painful	-0.00033347315766006
animal	bear	-2.1967627655690802
truck	transport	-1.419780944679869
gullible	truth	-1.7472853792989298
animated	happy	-6.160397077854194
mother	children	-1.1595728626600237
pretty	sour	x
school	classroom	-1.8712370801436424
literature	fancy	-4.969725512510212
buckle	belt	1.4055387101027477
exercise	sweat	-3.011118957256728
chef	vegetables	-3.2073154787345195
rain	snow	1.6572209516967926
worker	employment	-1.8127010577675269
distant	far	-1.9032953481867048
bull	cow	0.2592723896522116
mother	teach	-3.6393563873812425
traditional	old	-3.225785894157028
man	violent	-3.394365187689287
diamond	stone	-1.7003567806950248
bitter	delicious	-4.412211987185617
medicine	church	-4.390428282145696
friendship	person	-3.2986992727041966
disappointed	stress	x
tea	cup	-1.2123358396880426
fresco	painting	-0.011595368223971043
monument	venerate	x
unnecessary	prerequisites	x
fiery	flagrant	x
waiver	safe	x
obdurate	cooperative	x
betray	trust	0.8144311575938575
woman	engender	-4.789077357817362
turbulent	violence	-2.5299552725707595
dissertation	plagiarized	-1.1070719467645214
territorial	terrestrial	x
installment	serial	-1.2688794571635604
masquerade	party	-2.082806798503894
headmaster	principled	x
directory	telephone	-1.2663068495040748
elevation	pinnacle	-5.706189121052537
hindsight	perfect	x
homage	copy	-3.3123555039351973
leaf	autumnal	-3.0862098104712
autonomous	free	-1.7427987679062755
inkling	pen	x
latent	manifestation	-3.3206268355730426
stringent	solid	x
dishevel	destroy	x
symbolic	metaphor	-2.71565118769467
treaty	war	-1.0653465235532809
patron	sexist	x
rural	suburban	-0.005315409953851724
termite	wood	-0.10483311414688604
atheist	faith	-0.8091897964981692
hazardous	dangerous	-0.5051872812358821
frame	painting	-2.772647399709591
tractor	pulled	-1.5185502989570148
boorish	propriety	x
predator	ecosystem	0.022943483523710576
usury	interested	x
abstain	indulge	x
capricious	restrained	x
asphyxiation	choking	1.9595134511597767
tournament	stadium	-3.100613836775857
measurement	weigh	-3.7507259076260384
lava	molten	-0.1822544117114349
koala	marsupial	2.2133443248308806
idyllic	dreams	-3.6021459446720705
beneficent	upset	x
legitimacy	scam	-2.7643031972051735
unique	unprecedented	-3.0972529236840938
vivacious	health	x
picnic	basket	-2.4923381591021347
celebrity	questionnaire	x
narcissist	egocentric	x
teenager	neonatal	x
humorous	amusing	-1.9666081298727685
padded	resume	-0.9844378264199676
simplicity	complex	-2.213685195208337
procure	valuable	-3.1168206703847536
stigmatize	criticize	x
whimsical	capricious	0.5403566325569308
conjecture	supposed	-3.0726004765088337
evil	courtesan	-4.797423146394385
ornament	tree	-1.3593061093029055
cheap	inexpensive	-1.953141272002876
heretic	blaspheme	x
dance	polka	-1.6302132361442978
smoke	burn	-1.9630567770350744
mawkish	stoic	x
ostracism	society	-0.591741167207099
libertine	freedom	-2.2524206298777134
choreography	dance	0.6360518095971691
ironic	metallic	x
elucidate	clarify	-1.3943011208608582
penetrate	impermeable	-2.4206460840726347
swallow	migratory	-2.2722833401286118
cancer	tumors	-0.3209113387113302
complain	ravenous	x
corpulent	thin	x
concertina	instrument	0.4825604348314374
lovable	annoying	x
tentative	agenda	x
elucidate	clarify	-1.3943011208608582
shower	water	-0.8826892869742374
car	garage	-1.1914328444418922
quiet	secret	-3.1493596063388014
weak	strength	-1.60770962376723
boat	swim	-1.8114940936823536
cup	drink	-1.2904765527549054
cow	milk	2.3469397179753484
huge	big	-2.5699980703466614
tired	energy	-3.639527974556048
silent	noisy	-3.7741365036481516
fun	cool	-2.2955657445161735
terrible	bad	-1.7689199823017776
necklace	neck	0.6119736855551431
crazy	smart	-2.731068857512186
boot	hand	-3.4553840962543303
kitten	cat	0.6268076601593654
water	wet	-2.2225816578102062
sad	emotion	-2.1435117243425954
knife	cut	-0.04551410906081328
computer	talk	-4.284796363290358
lettuce	sandwich	0.3715401418536849
bag	wallet	-1.292096932117912
water	cold	-2.1885677761508457
nice	good	-1.207679973026952
doctor	heal	-2.4554904504118786
serious	humor	-2.905587427529732
right	wrong	-0.2403601408256163
laugh	cry	1.8600516618462342
hands	cry	-4.184305638409674
air	water	-0.6831370071067495
horse	ride	-1.1380225570306488
ugly	pretty	-0.7417625942048803
sausage	vegetable	-2.3463708181427316
lemon	fruit	-0.1952610416362295
cold	temperature	-0.8672531653525046
bus	run	-0.5762516065655389
driver	ship	-6.276737930648947
gray	black	0.41761528822518384
checkers	basketball	x
play	learn	-3.483393062815185
pear	fruit	0.500378218259963
cows	city	-4.569847225941922
scary	bad	-3.4437360574828904
fast	quick	-1.9251264238879349
apartment	locate	-3.6290065997395913
teacher	good	-3.414071048054962
teacher	learn	-3.153159596869759
shiny	bright	-0.1874114073752152
animal	horse	-1.9756056984627888
finger	hand	0.7464660957215963
sad	happy	0.00023111461217726343
string	guitar	-0.4638010131615234
money	rich	-3.039641816163205
young	old	-0.9322924399931732
guilty	wrong	-3.6944256166872727
intelligent	belief	-3.446781431993885
straw	drink	-0.962066633381333
game	fun	-2.5576142335990197
bus	car	-1.2493178907087858
clouds	fly	-3.156192955106784
calculator	think	x
depressed	sad	-0.5136239074928051
nature	wood	-4.013793669641109
bad	happy	-3.50193588261199
ready	lazy	-5.21174453671395
smart	sense	-2.6076978689854373
lawyer	computer	-4.9236012894195005
brick	house	-0.3442455953887121
fire	water	-1.4791017916472318
car	fast	-2.625116808792858
camera	take	-1.5079912196678809
faucet	sink	0.8563803299831363
silver	metal	-1.531083195872711
crazy	unhealthy	x
ring	beautiful	-4.56415220759869
letter	communicate	-4.171553958377348
basketball	fun	-4.124208868510118
peaceful	bored	x
arms	legs	1.0973953712239193
movie	entertain	-4.553890149105194
food	beverage	0.6846499835288506
hard	nice	-4.502396421162318
bald	hair	0.06871048241035367
fish	shark	-0.663445743515635
thermometer	temperature	1.7615542554190526
dog	friendly	-2.9240124622506265
scared	angry	-0.4476525697230194
scared	courage	-3.415374715732118
devastated	disappointed	-3.799446042049971
shoe	pants	-2.261070888627001
hair	comb	-1.1005257060601017
light	height	-3.983120014573617
winter	season	-0.8904340347145114
traffic	heavy	-1.6630844476893265
boring	exciting	-1.052193733822456
shovel	dig	1.295719871138288
drain	sink	-1.344435402296061
building	height	-2.355753925155209
November	December	0.5745984475609824
weather	clouds	-1.4761217418706956
queen	monarch	-2.0860510087944144
outstanding	impressive	-3.5085595553257583
clock	digital	-2.050662240718653
van	automobile	-4.103575904847114
valid	illegitimate	x
ignore	oversee	x
vivacious	intensity	x
burial	death	-1.9436640084078685
guard	protect	-1.093396936613991
ketchup	hotdog	0.6797207494796523
dictionary	words	0.6866547567262179
reporter	biased	-3.7274032628680898
hear	listen	-1.8219452009304409
passport	document	0.016789400708642106
evaluation	title	-5.151713041274056
kind	benevolent	-2.1511577766611643
factual	opinion	-1.4651223427527162
use	employ	-4.2774428452797695
courtship	marriage	1.4002380070099951
sentry	guard	1.191683918076922
friend	imaginary	-4.281453277734393
allowed	forbidden	-3.29916727733285
street	neighborhoods	-2.426981098060496
action	event	-2.9199903682121118
fabulous	drab	x
spouse	marriage	-0.503939391733996
fork	dice	x
opinion	factual	-2.8209449789965113
car	garage	-1.1914328444418922
immobile	move	-2.110086583658595
comfort	pleasure	-1.4625031637022354
folktale	traditional	-2.7518127964782693
anchor	aircraft	-4.343750635486506
essay	story	-1.9678965589976491
smile	fear	-2.9982442722573883
statue	memorialize	-4.050980883344068
unusual	weird	-2.6337113712342908
rain	precipitation	-0.1844872058475524
overweight	shape	-1.906775801680474
damage	repair	-1.4207217333716349
artist	idealistic	x
bone	skeleton	-1.2332171081579046
medicine	disease	-1.5681623783860261
hyper	energetic	0.3214772909288858
spicy	delicious	-0.5810188697578722
fever	issue	-3.7433208297036917
calculators	think	x
document	certificate	-2.2219103475318547
harvest	plant	-1.9285646565187584
famous	popularity	-4.380108320074986
theme	song	-0.9576270997164541
telephone	communication	-1.4142618311668276
baffling	confusing	x
peace	harmony	0.5466732339198384
ship	wooden	-3.1608925047314624
hope	tornado	-5.723002777097938
limerick	poem	0.7555459035621295
challenging	difficult	-1.3704843351702214
unskilled	magic	-1.785176976078414
priest	evil	-3.09819281813222
ambulance	hospital	0.92683988696468
button	hole	-2.626286501569887
title	ownership	-3.357818763222053
hopeful	optimistic	0.5765769897357507
tent	cabin	-0.9909283046434102
fan	oxygen	-4.933091535621456
decrepit	strength	x
bank	dollar	-2.871240351544768
ridicule	mock	-0.5821354621802478
surface	flat	-1.6936596811821931
crystal	jewel	-2.6118756600333337
parka	sweater	x
newspaper	guide	-4.524828023153441
timid	bold	-1.2736656300446492
grimace	comfort	x
glaze	sauce	-1.4097240582491184
smooth	jagged	-1.5728838727572887
love	wonderful	-3.5619171198085486
murder	motive	-2.276257868130481
angry	outraged	-1.5992144212955408
intoxication	alcohol	0.8788883961028644
powder	moisten	x
mineral	geology	-1.9574151690000128
chilly	freezing	0.0881342959479921
Christianity	religion	0.8746809080691798
pig	hooves	-1.1806213139139177
fluent	language	1.2590618969171858
decision	idea	-3.9338286210669415
technique	effective	-1.8527059005400683
revolution	war	-1.3634452604219334
amplifier	violin	x
interested	apathetic	-4.148311976467153
benefactor	poor	-1.1883295747095644
debate	argument	-1.8180362801205727
excuse	permit	-2.8605299178430563
Thanksgiving	turkey	0.5606342426578539
saintly	holiness	x
kidney	body	-1.90897475362306
teacher	professor	-1.259267760165579
nurse	operate	-3.774973397808419
jingoist	nationalistic	x
dubious	discussion	-3.039380564242286
slaughterhouse	meat	1.466163064955038
wary	trust	-1.2423555049799484
tournament	judges	-4.744524448735286
peripatetic	mobile	x
compassion	virtue	-2.561497440741594
linguistics	language	0.6105154355415204
righteous	judgment	-0.9206730797771896
tenacity	determination	1.1940982543645149
reputable	shady	x
convulsion	shudder	x
nebulous	distinct	-2.3151200583503093
recluse	friendly	x
objective	task	-2.984236993624652
ravenous	hungry	-0.98557700980003
stone	lithograph	-4.997541644990903
marsupial	kangaroo	1.7671590498983858
voluble	fluency	x
palisade	resort	x
masterpiece	create	-5.495741124455776
modicum	abundance	x
rant	soliloquy	x
garrison	garrulous	x
hypotenuse	triangle	3.234806345999555
treachery	forgiveness	-2.8207088888972867
unbecoming	improper	-0.5518656228237989
manufacturer	production	-1.5948327926363992
punishment	penance	-2.1452661371770225
scholarly	erudite	-1.6915422792550272
crustacean	swim	-3.5935272712991826
tree	deciduous	-1.4669041868338355
commission	wage	-3.873617867956482
troupe	theaters	-3.436664567760865
word	lexicon	-1.9283252448660704
humanitarian	mortal	x
clandestine	overt	-0.7739619176017226
inebriated	sobriety	0.0566525196816976
vapid	liveliness	x
rivulet	powerful	x
homophone	definition	-2.2478295820109824
ascetic	frugal	-1.4771781322949626
witness	judgmental	x
fallacy	lie	-2.227909691818449
astute	clever	-0.4506235003622016
apprehensive	doubt	x
circumspect	attention	x
venerate	desecrate	x
anthology	passages	-2.3665782389414542
concubine	spouse	-1.322222523295739
teacher	tenured	-3.376127202172378
condiment	eat	x
domineering	power	-2.6162807178907617
fanatical	enthusiastic	x
examination	accusation	x
profanity	censored	0.9923104590836318
ruined	annihilated	x
dichotomy	division	-2.686546452331782
appendage	body	-0.4340100957895837
infertile	family	-3.708142557067297
lummox	grace	x
predicament	solve	-2.4728349525849715
putsch	government	0.09532026076280732
conspiracy	successful	-3.711267280663871
prescient	correct	x
caustic	relaxing	x
chef	entree	x
ethereal	concrete	x
precocious	direction	x
feline	cat	0.8134657872430359
bigot	prejudiced	2.3037785725547786
beautician	paint	x
performance	stellar	-3.5455535494208745
coveted	desired	-2.417614774072301
preeminent	important	-3.0236527643172484
fornication	marriage	0.26469359884440724
vicious	wrath	-3.924575695816295
revision	edition	-0.9243845094924544
nod	acquiescence	x
deal	hustle	x
precinct	city	-0.8159501993782164
candidate	deprecate	x
omniscient	omnipotent	4.2185630327059975
alacrity	clarity	x
prince	opulent	-4.530881933096988
irritating	pleasing	x
vibration	perception	x
chord	music	-1.4871203023462298
sequoia	longevity	1.092101249295933
prophet	rogue	x
humorous	wit	-1.9457683686284788
claustrophobia	closets	x
hero	folksy	x
revere	denigrate	x
continent	nation	-2.010358058390096
decathlon	competition	-0.3806857536456935
theologian	cancer	-5.589852584988831
retain	burst	-4.987392027371401
landscape	surround	-6.1425752051573275
bureaucracy	administration	-1.0747991606928315
chef	fat	-3.0111633830101963
refrigerator	cool	-0.7655359455202804
mystery	boring	x
mother	daughter	0.024852541095755947
shy	timid	1.2260623253900729
boat	mountain	-4.071471051701265
unpopular	wealth	-5.331040644413563
success	failure	-0.6418930620440363
magic	children	-2.869425723256775
ketchup	condiment	1.4699282835043872
lawyer	mercy	-5.761479011097785
wave	water	-1.8059543847783548
king	royal	-0.699375692163344
victory	defeat	-0.7490122626672105
core	apple	-3.5644705948870654
hill	mountain	-0.4245312486454498
leather	cows	-3.436773750337652
minnow	fish	1.158139326676639
television	watch	-2.8115421758935857
building	house	-1.1708335691880267
lens	microscope	-0.38683331498109297
maid	chores	-1.6312484960929927
impossible	easy	-4.21386051090355
clean	filthy	-2.5424324595322827
sin	immoral	-2.9535524453544486
mask	face	0.2621498986512967
salt	food	-1.7254474514706124
idea	true	-2.758288304305902
prestigious	honor	-1.4363826840772131
athlete	thin	x
meat	fried	-0.5329100441238959
map	navigate	-1.6523510181407737
fish	ocean	-1.824874265725848
guitar	music	-1.5424985888366958
sleeve	shirt	0.2366952548570267
hurry	delay	x
cow	field	-2.839683523066061
pill	doctor	-3.247946410843672
upset	sadness	-4.925142912171948
possible	easy	-3.743291055048908
stove	bake	x
demon	evil	-0.5795259058566914
animal	dog	-1.6653488525266582
library	books	0.21441479783430795
referee	team	-1.6930362295468888
bathtub	gallons	-2.055622280785676
obvious	clear	-2.4483581683094178
brilliant	ideas	-2.7223446052127107
praise	enjoy	-5.7937696755193855
blade	knife	0.3658043306755885
prisoner	freedom	-2.6491105743937067
preacher	cook	-3.0634288022041503
gun	bullets	-0.8984082414297883
necklace	silver	-1.1605016253943101
beautiful	ugly	-0.8175040253561416
obvious	mysterious	-4.653959066276519
language	book	-2.9940107444731003
unity	division	-2.358861691926619
silly	thought	-2.9059189097254783
jet	airplane	-2.0380388432816336
queen	fortress	-3.652029980923535
bomb	destroy	-0.6449702777753802
nomad	home	-2.8196026315920184
new	strange	-4.304596306147667
carelessness	mistakes	-0.05463284213190246
tree	free	-4.058031611483348
overweight	skinny	-0.7208427860708521
father	brother	-0.5397589884419461
march	belief	-5.562380745047723
baseball	basketball	1.2340621988997271
bracelet	stylish	x
disabled	worth	-5.4489267948836195
moral	story	-1.2577970784102317
wrench	tool	0.8352973956110458
librarian	bookstore	-2.014167432357289
strange	weird	-0.42217538521528003
soup	drink	-2.146247270880288
heart	love	-1.498923724056386
neutral	prejudice	x
unwanted	discarded	-0.8815437632776367
fire	heat	-2.1231882406545592
easy	simple	-1.7854993399526753
beach	shore	-0.9346062002433452
sunset	early	-2.8784889708714454
head	face	-1.934536964463376
spill	run	-3.3168011197172236
dentist	teeth	-0.052672994383874135
trust	pleasure	-3.914563349907784
novice	experience	-1.2655413342846624
wonderful	good	-1.6184346018632607
frog	tadpole	-0.00943609232162405
politician	destroy	-5.691435274959511
piercing	sharp	-1.8004271980439426
pretzel	salty	x
spider	insect	0.08763220737510716
pleasant	enjoyable	-1.2659735298182495
coffee	cafe	-1.0970020083606422
music	invention	-4.757862771354313
arrogant	money	-2.7942912025592452
song	note	-3.915893711811118
fresco	painting	-0.011595368223971043
monument	venerate	x
unnecessary	prerequisites	x
fiery	flagrant	x
waiver	safe	x
obdurate	cooperative	x
betray	trust	0.8144311575938575
woman	engender	-4.789077357817362
turbulent	violence	-2.5299552725707595
dissertation	plagiarized	-1.1070719467645214
territorial	terrestrial	x
installment	serial	-1.2688794571635604
masquerade	party	-2.082806798503894
headmaster	principled	x
directory	telephone	-1.2663068495040748
elevation	pinnacle	-5.706189121052537
hindsight	perfect	x
homage	copy	-3.3123555039351973
leaf	autumnal	-3.0862098104712
autonomous	free	-1.7427987679062755
inkling	pen	x
latent	manifestation	-3.3206268355730426
stringent	solid	x
dishevel	destroy	x
symbolic	metaphor	-2.71565118769467
treaty	war	-1.0653465235532809
patron	sexist	x
rural	suburban	-0.005315409953851724
termite	wood	-0.10483311414688604
atheist	faith	-0.8091897964981692
hazardous	dangerous	-0.5051872812358821
frame	painting	-2.772647399709591
tractor	pulled	-1.5185502989570148
boorish	propriety	x
predator	ecosystem	0.022943483523710576
usury	interested	x
abstain	indulge	x
capricious	restrained	x
asphyxiation	choking	1.9595134511597767
tournament	stadium	-3.100613836775857
measurement	weigh	-3.7507259076260384
lava	molten	-0.1822544117114349
koala	marsupial	2.2133443248308806
idyllic	dreams	-3.6021459446720705
beneficent	upset	x
legitimacy	scam	-2.7643031972051735
unique	unprecedented	-3.0972529236840938
vivacious	health	x
picnic	basket	-2.4923381591021347
celebrity	questionnaire	x
narcissist	egocentric	x
teenager	neonatal	x
humorous	amusing	-1.9666081298727685
padded	resume	-0.9844378264199676
simplicity	complex	-2.213685195208337
procure	valuable	-3.1168206703847536
stigmatize	criticize	x
whimsical	capricious	0.5403566325569308
conjecture	supposed	-3.0726004765088337
evil	courtesan	-4.797423146394385
ornament	tree	-1.3593061093029055
cheap	inexpensive	-1.953141272002876
heretic	blaspheme	x
dance	polka	-1.6302132361442978
smoke	burn	-1.9630567770350744
mawkish	stoic	x
ostracism	society	-0.591741167207099
libertine	freedom	-2.2524206298777134
choreography	dance	0.6360518095971691
ironic	metallic	x
elucidate	clarify	-1.3943011208608582
penetrate	impermeable	-2.4206460840726347
swallow	migratory	-2.2722833401286118
cancer	tumors	-0.3209113387113302
complain	ravenous	x
corpulent	thin	x
concertina	instrument	0.4825604348314374
lovable	annoying	x
tentative	agenda	x
elucidate	clarify	-1.3943011208608582
shower	water	-0.8826892869742374
car	garage	-1.1914328444418922
quiet	secret	-3.1493596063388014
weak	strength	-1.60770962376723
boat	swim	-1.8114940936823536
cup	drink	-1.2904765527549054
cow	milk	2.3469397179753484
huge	big	-2.5699980703466614
tired	energy	-3.639527974556048
silent	noisy	-3.7741365036481516
fun	cool	-2.2955657445161735
terrible	bad	-1.7689199823017776
necklace	neck	0.6119736855551431
crazy	smart	-2.731068857512186
boot	hand	-3.4553840962543303
kitten	cat	0.6268076601593654
water	wet	-2.2225816578102062
sad	emotion	-2.1435117243425954
knife	cut	-0.04551410906081328
computer	talk	-4.284796363290358
lettuce	sandwich	0.3715401418536849
bag	wallet	-1.292096932117912
water	cold	-2.1885677761508457
nice	good	-1.207679973026952
doctor	heal	-2.4554904504118786
serious	humor	-2.905587427529732
right	wrong	-0.2403601408256163
laugh	cry	1.8600516618462342
hands	cry	-4.184305638409674
air	water	-0.6831370071067495
horse	ride	-1.1380225570306488
ugly	pretty	-0.7417625942048803
sausage	vegetable	-2.3463708181427316
lemon	fruit	-0.1952610416362295
cold	temperature	-0.8672531653525046
bus	run	-0.5762516065655389
driver	ship	-6.276737930648947
gray	black	0.41761528822518384
checkers	basketball	x
play	learn	-3.483393062815185
pear	fruit	0.500378218259963
cows	city	-4.569847225941922
scary	bad	-3.4437360574828904
fast	quick	-1.9251264238879349
apartment	locate	-3.6290065997395913
teacher	good	-3.414071048054962
teacher	learn	-3.153159596869759
shiny	bright	-0.1874114073752152
animal	horse	-1.9756056984627888
finger	hand	0.7464660957215963
sad	happy	0.00023111461217726343
string	guitar	-0.4638010131615234
money	rich	-3.039641816163205
young	old	-0.9322924399931732
guilty	wrong	-3.6944256166872727
intelligent	belief	-3.446781431993885
straw	drink	-0.962066633381333
game	fun	-2.5576142335990197
bus	car	-1.2493178907087858
clouds	fly	-3.156192955106784
calculator	think	x
depressed	sad	-0.5136239074928051
nature	wood	-4.013793669641109
bad	happy	-3.50193588261199
ready	lazy	-5.21174453671395
smart	sense	-2.6076978689854373
lawyer	computer	-4.9236012894195005
brick	house	-0.3442455953887121
fire	water	-1.4791017916472318
car	fast	-2.625116808792858
camera	take	-1.5079912196678809
faucet	sink	0.8563803299831363
silver	metal	-1.531083195872711
crazy	unhealthy	x
ring	beautiful	-4.56415220759869
letter	communicate	-4.171553958377348
basketball	fun	-4.124208868510118
peaceful	bored	x
arms	legs	1.0973953712239193
movie	entertain	-4.553890149105194
food	beverage	0.6846499835288506
hard	nice	-4.502396421162318
bald	hair	0.06871048241035367
fish	shark	-0.663445743515635
thermometer	temperature	1.7615542554190526
dog	friendly	-2.9240124622506265
scared	angry	-0.4476525697230194
scared	courage	-3.415374715732118
devastated	disappointed	-3.799446042049971
shoe	pants	-2.261070888627001
hair	comb	-1.1005257060601017
light	height	-3.983120014573617
winter	season	-0.8904340347145114
traffic	heavy	-1.6630844476893265
boring	exciting	-1.052193733822456
shovel	dig	1.295719871138288
drain	sink	-1.344435402296061
building	height	-2.355753925155209
November	December	0.5745984475609824
weather	clouds	-1.4761217418706956
queen	monarch	-2.0860510087944144
outstanding	impressive	-3.5085595553257583
clock	digital	-2.050662240718653
van	automobile	-4.103575904847114
valid	illegitimate	x
ignore	oversee	x
vivacious	intensity	x
burial	death	-1.9436640084078685
guard	protect	-1.093396936613991
ketchup	hotdog	0.6797207494796523
dictionary	words	0.6866547567262179
reporter	biased	-3.7274032628680898
hear	listen	-1.8219452009304409
passport	document	0.016789400708642106
evaluation	title	-5.151713041274056
kind	benevolent	-2.1511577766611643
factual	opinion	-1.4651223427527162
use	employ	-4.2774428452797695
courtship	marriage	1.4002380070099951
sentry	guard	1.191683918076922
friend	imaginary	-4.281453277734393
allowed	forbidden	-3.29916727733285
street	neighborhoods	-2.426981098060496
action	event	-2.9199903682121118
fabulous	drab	x
spouse	marriage	-0.503939391733996
fork	dice	x
opinion	factual	-2.8209449789965113
car	garage	-1.1914328444418922
immobile	move	-2.110086583658595
comfort	pleasure	-1.4625031637022354
folktale	traditional	-2.7518127964782693
anchor	aircraft	-4.343750635486506
essay	story	-1.9678965589976491
smile	fear	-2.9982442722573883
statue	memorialize	-4.050980883344068
unusual	weird	-2.6337113712342908
rain	precipitation	-0.1844872058475524
overweight	shape	-1.906775801680474
damage	repair	-1.4207217333716349
artist	idealistic	x
bone	skeleton	-1.2332171081579046
medicine	disease	-1.5681623783860261
hyper	energetic	0.3214772909288858
spicy	delicious	-0.5810188697578722
fever	issue	-3.7433208297036917
calculators	think	x
document	certificate	-2.2219103475318547
harvest	plant	-1.9285646565187584
famous	popularity	-4.380108320074986
theme	song	-0.9576270997164541
telephone	communication	-1.4142618311668276
baffling	confusing	x
peace	harmony	0.5466732339198384
ship	wooden	-3.1608925047314624
hope	tornado	-5.723002777097938
limerick	poem	0.7555459035621295
challenging	difficult	-1.3704843351702214
unskilled	magic	-1.785176976078414
priest	evil	-3.09819281813222
ambulance	hospital	0.92683988696468
button	hole	-2.626286501569887
title	ownership	-3.357818763222053
hopeful	optimistic	0.5765769897357507
tent	cabin	-0.9909283046434102
fan	oxygen	-4.933091535621456
decrepit	strength	x
bank	dollar	-2.871240351544768
ridicule	mock	-0.5821354621802478
surface	flat	-1.6936596811821931
crystal	jewel	-2.6118756600333337
parka	sweater	x
newspaper	guide	-4.524828023153441
timid	bold	-1.2736656300446492
grimace	comfort	x
glaze	sauce	-1.4097240582491184
smooth	jagged	-1.5728838727572887
love	wonderful	-3.5619171198085486
murder	motive	-2.276257868130481
angry	outraged	-1.5992144212955408
intoxication	alcohol	0.8788883961028644
powder	moisten	x
mineral	geology	-1.9574151690000128
chilly	freezing	0.0881342959479921
Christianity	religion	0.8746809080691798
pig	hooves	-1.1806213139139177
fluent	language	1.2590618969171858
decision	idea	-3.9338286210669415
technique	effective	-1.8527059005400683
revolution	war	-1.3634452604219334
amplifier	violin	x
interested	apathetic	-4.148311976467153
benefactor	poor	-1.1883295747095644
debate	argument	-1.8180362801205727
excuse	permit	-2.8605299178430563
Thanksgiving	turkey	0.5606342426578539
saintly	holiness	x
kidney	body	-1.90897475362306
teacher	professor	-1.259267760165579
nurse	operate	-3.774973397808419
jingoist	nationalistic	x
dubious	discussion	-3.039380564242286
slaughterhouse	meat	1.466163064955038
wary	trust	-1.2423555049799484
tournament	judges	-4.744524448735286
peripatetic	mobile	x
compassion	virtue	-2.561497440741594
linguistics	language	0.6105154355415204
righteous	judgment	-0.9206730797771896
tenacity	determination	1.1940982543645149
reputable	shady	x
convulsion	shudder	x
nebulous	distinct	-2.3151200583503093
recluse	friendly	x
objective	task	-2.984236993624652
ravenous	hungry	-0.98557700980003
stone	lithograph	-4.997541644990903
marsupial	kangaroo	1.7671590498983858
voluble	fluency	x
palisade	resort	x
masterpiece	create	-5.495741124455776
modicum	abundance	x
rant	soliloquy	x
garrison	garrulous	x
hypotenuse	triangle	3.234806345999555
treachery	forgiveness	-2.8207088888972867
unbecoming	improper	-0.5518656228237989
manufacturer	production	-1.5948327926363992
punishment	penance	-2.1452661371770225
scholarly	erudite	-1.6915422792550272
crustacean	swim	-3.5935272712991826
tree	deciduous	-1.4669041868338355
commission	wage	-3.873617867956482
troupe	theaters	-3.436664567760865
word	lexicon	-1.9283252448660704
humanitarian	mortal	x
clandestine	overt	-0.7739619176017226
inebriated	sobriety	0.0566525196816976
vapid	liveliness	x
rivulet	powerful	x
homophone	definition	-2.2478295820109824
ascetic	frugal	-1.4771781322949626
witness	judgmental	x
fallacy	lie	-2.227909691818449
astute	clever	-0.4506235003622016
apprehensive	doubt	x
circumspect	attention	x
venerate	desecrate	x
anthology	passages	-2.3665782389414542
concubine	spouse	-1.322222523295739
teacher	tenured	-3.376127202172378
condiment	eat	x
domineering	power	-2.6162807178907617
fanatical	enthusiastic	x
examination	accusation	x
profanity	censored	0.9923104590836318
ruined	annihilated	x
dichotomy	division	-2.686546452331782
appendage	body	-0.4340100957895837
infertile	family	-3.708142557067297
lummox	grace	x
predicament	solve	-2.4728349525849715
putsch	government	0.09532026076280732
conspiracy	successful	-3.711267280663871
prescient	correct	x
caustic	relaxing	x
chef	entree	x
ethereal	concrete	x
precocious	direction	x
feline	cat	0.8134657872430359
bigot	prejudiced	2.3037785725547786
beautician	paint	x
performance	stellar	-3.5455535494208745
coveted	desired	-2.417614774072301
preeminent	important	-3.0236527643172484
fornication	marriage	0.26469359884440724
vicious	wrath	-3.924575695816295
revision	edition	-0.9243845094924544
nod	acquiescence	x
deal	hustle	x
precinct	city	-0.8159501993782164
candidate	deprecate	x
omniscient	omnipotent	4.2185630327059975
alacrity	clarity	x
prince	opulent	-4.530881933096988
irritating	pleasing	x
vibration	perception	x
chord	music	-1.4871203023462298
sequoia	longevity	1.092101249295933
prophet	rogue	x
humorous	wit	-1.9457683686284788
claustrophobia	closets	x
hero	folksy	x
revere	denigrate	x
continent	nation	-2.010358058390096
decathlon	competition	-0.3806857536456935
theologian	cancer	-5.589852584988831
retain	burst	-4.987392027371401
landscape	surround	-6.1425752051573275
bureaucracy	administration	-1.0747991606928315
chef	fat	-3.0111633830101963
refrigerator	cool	-0.7655359455202804
mystery	boring	x
mother	daughter	0.024852541095755947
shy	timid	1.2260623253900729
boat	mountain	-4.071471051701265
unpopular	wealth	-5.331040644413563
success	failure	-0.6418930620440363
magic	children	-2.869425723256775
ketchup	condiment	1.4699282835043872
lawyer	mercy	-5.761479011097785
wave	water	-1.8059543847783548
king	royal	-0.699375692163344
victory	defeat	-0.7490122626672105
core	apple	-3.5644705948870654
hill	mountain	-0.4245312486454498
leather	cows	-3.436773750337652
minnow	fish	1.158139326676639
television	watch	-2.8115421758935857
building	house	-1.1708335691880267
lens	microscope	-0.38683331498109297
maid	chores	-1.6312484960929927
impossible	easy	-4.21386051090355
clean	filthy	-2.5424324595322827
sin	immoral	-2.9535524453544486
mask	face	0.2621498986512967
salt	food	-1.7254474514706124
idea	true	-2.758288304305902
prestigious	honor	-1.4363826840772131
athlete	thin	x
meat	fried	-0.5329100441238959
map	navigate	-1.6523510181407737
fish	ocean	-1.824874265725848
guitar	music	-1.5424985888366958
sleeve	shirt	0.2366952548570267
hurry	delay	x
cow	field	-2.839683523066061
pill	doctor	-3.247946410843672
upset	sadness	-4.925142912171948
possible	easy	-3.743291055048908
stove	bake	x
demon	evil	-0.5795259058566914
animal	dog	-1.6653488525266582
library	books	0.21441479783430795
referee	team	-1.6930362295468888
bathtub	gallons	-2.055622280785676
obvious	clear	-2.4483581683094178
brilliant	ideas	-2.7223446052127107
praise	enjoy	-5.7937696755193855
blade	knife	0.3658043306755885
prisoner	freedom	-2.6491105743937067
preacher	cook	-3.0634288022041503
gun	bullets	-0.8984082414297883
necklace	silver	-1.1605016253943101
beautiful	ugly	-0.8175040253561416
obvious	mysterious	-4.653959066276519
language	book	-2.9940107444731003
unity	division	-2.358861691926619
silly	thought	-2.9059189097254783
jet	airplane	-2.0380388432816336
queen	fortress	-3.652029980923535
bomb	destroy	-0.6449702777753802
nomad	home	-2.8196026315920184
new	strange	-4.304596306147667
carelessness	mistakes	-0.05463284213190246
tree	free	-4.058031611483348
overweight	skinny	-0.7208427860708521
father	brother	-0.5397589884419461
march	belief	-5.562380745047723
baseball	basketball	1.2340621988997271
bracelet	stylish	x
disabled	worth	-5.4489267948836195
moral	story	-1.2577970784102317
wrench	tool	0.8352973956110458
librarian	bookstore	-2.014167432357289
strange	weird	-0.42217538521528003
soup	drink	-2.146247270880288
heart	love	-1.498923724056386
neutral	prejudice	x
unwanted	discarded	-0.8815437632776367
fire	heat	-2.1231882406545592
easy	simple	-1.7854993399526753
beach	shore	-0.9346062002433452
sunset	early	-2.8784889708714454
head	face	-1.934536964463376
spill	run	-3.3168011197172236
dentist	teeth	-0.052672994383874135
trust	pleasure	-3.914563349907784
novice	experience	-1.2655413342846624
wonderful	good	-1.6184346018632607
frog	tadpole	-0.00943609232162405
politician	destroy	-5.691435274959511
piercing	sharp	-1.8004271980439426
pretzel	salty	x
spider	insect	0.08763220737510716
pleasant	enjoyable	-1.2659735298182495
coffee	cafe	-1.0970020083606422
music	invention	-4.757862771354313
arrogant	money	-2.7942912025592452
song	note	-3.915893711811118
