strong	stronger	-2.714300294845926
simple	simpler	-3.0988437013050047
low	lower	-2.3341397944235025
heavy	heavier	-2.6216828638474916
high	higher	-2.743471013171365
tight	tighter	-2.9301949339760327
sharp	sharper	-2.65167514840382
loud	louder	-0.8240063566788297
safe	safer	-2.4289591529866503
bad	worse	0.15655069146204614
good	better	-2.020664408327888
short	shorter	-3.366647564714407
hot	hotter	-2.5870809715629877
cold	colder	-2.205407363512222
tall	taller	-0.5738008798700824
weak	weaker	-1.6883829551008032
wide	wider	-2.676886467230686
smart	smarter	-0.505894494714697
long	longer	-2.7857930391024457
deep	deeper	-1.997963095133669
slow	slower	-1.7852427051776927
old	older	-2.8303475364953674
small	smaller	-3.305979311443716
great	greater	-3.783647539106327
quick	quicker	-2.2485277267523665
hard	harder	-1.6709162434704388
new	newer	-4.970989441870501
cheap	cheaper	-1.8251436983733342
easy	easier	-3.179627758606413
warm	warmer	-1.4115064571812994
big	bigger	-2.4454861979615936
young	younger	-3.2684112245688626
fast	faster	-1.489444488722532
tough	tougher	-1.5161297023595368
consistent	inconsistent	-1.3181625341768377
efficient	inefficient	-1.149859689444584
convincing	unconvincing	-3.710941796168481
possible	impossible	-2.839583757860932
rational	irrational	1.7597123846511766
sure	unsure	-3.500300160486174
decided	undecided	-4.3114919720773
likely	unlikely	-3.4051648446712934
possibly	impossibly	None
fortunate	unfortunate	-0.07648802087400093
acceptable	unacceptable	1.1836297690994273
competitive	uncompetitive	-1.8277201938919563
aware	unaware	-2.4927727083909956
known	unknown	-3.231054726976568
pleasant	unpleasant	0.5882629282362755
reasonable	unreasonable	-0.05543119887292905
informative	uninformative	1.3081409101151986
productive	unproductive	0.36692928983995626
tasteful	distasteful	None
clear	unclear	-4.181597199540987
logical	illogical	-0.972130601682066
certain	uncertain	-3.468888464749445
convenient	inconvenient	-1.918663412795916
impressive	unimpressive	-3.6195270159785964
comfortable	uncomfortable	-1.8462508435368916
ethical	unethical	-0.18805450913353006
responsible	irresponsible	-3.114887542220974
Beirut	Lebanon	2.823495021098196
Manama	Bahrain	None
Paramaribo	Suriname	None
Libreville	Gabon	None
Zagreb	Croatia	2.60333627153301
Banjul	Gambia	None
Khartoum	Sudan	None
Tripoli	Libya	None
Algiers	Algeria	None
Kingston	Jamaica	2.2457836468348193
Montevideo	Uruguay	None
Doha	Qatar	None
Abuja	Nigeria	3.2536499249512643
Managua	Nicaragua	None
Sofia	Bulgaria	2.6374620623369895
Harare	Zimbabwe	None
Dublin	Ireland	1.3759797317822753
Lusaka	Zambia	None
Muscat	Oman	None
Vaduz	Liechtenstein	None
Antananarivo	Madagascar	None
Tirana	Albania	None
Rabat	Morocco	None
Chisinau	Moldova	None
Dhaka	Bangladesh	2.872462641487843
Gaborone	Botswana	None
Amman	Jordan	3.106655478105143
Vilnius	Lithuania	None
Tbilisi	Georgia	2.1667567453343084
Maputo	Mozambique	None
Luanda	Angola	None
Quito	Ecuador	None
Ashgabat	Turkmenistan	None
Lima	Peru	2.7436681743118787
Vientiane	Laos	None
Roseau	Dominica	None
Minsk	Belarus	None
Ljubljana	Slovenia	None
Budapest	Hungary	2.6076359587822657
Copenhagen	Denmark	2.482226665318259
Valletta	Malta	None
Apia	Samoa	None
Monrovia	Liberia	None
Suva	Fiji	None
Kigali	Rwanda	None
Nouakchott	Mauritania	None
Podgorica	Montenegro	None
Belgrade	Serbia	2.442137203741465
Funafuti	Tuvalu	None
Santiago	Chile	2.5831280170196393
Jakarta	Indonesia	2.870786915009918
Tallinn	Estonia	None
Bratislava	Slovakia	None
Bujumbura	Burundi	None
Niamey	Niger	None
Accra	Ghana	None
Kiev	Ukraine	2.263653643113822
Ankara	Turkey	3.027916954033932
Skopje	Macedonia	None
Conakry	Guinea	3.559134268619655
Bamako	Mali	None
Dushanbe	Tajikistan	None
Bucharest	Romania	2.429864001430988
Tegucigalpa	Honduras	None
Georgetown	Guyana	None
Kathmandu	Nepal	None
Taipei	Taiwan	2.6315459052229535
Lilongwe	Malawi	None
Astana	Kazakhstan	None
Damascus	Syria	2.333975212485112
Thimphu	Bhutan	None
Nairobi	Kenya	3.4112768631688515
Nuuk	Greenland	None
Warsaw	Poland	1.4230124888809323
Bishkek	Kyrgyzstan	None
Asmara	Eritrea	None
Dakar	Senegal	None
Tashkent	Uzbekistan	None
Brussels	Belgium	2.2521846126126235
Yerevan	Armenia	None
Windhoek	Namibia	None
Nassau	Bahamas	None
Kampala	Uganda	None
Nicosia	Cyprus	None
warm	warmest	-1.6420691520235742
short	shortest	-4.308961852174942
bright	brightest	-2.3042406017767805
cool	coolest	-2.5317588355159337
low	lowest	-2.575006154184338
small	smallest	-4.090141221032772
smart	smartest	-3.6467756703545393
dark	darkest	-3.3045646761041882
simple	simplest	-2.2417487732709134
fast	fastest	-1.996806735011597
hot	hottest	-2.9872121904873525
quick	quickest	-4.003833379442971
cold	coldest	-2.6045405034759286
high	highest	-3.2881181880328065
strange	strangest	-2.7575409491758442
long	longest	-2.356454879627348
tasty	tastiest	None
slow	slowest	-2.465724203195574
old	oldest	-2.6219417813036117
young	youngest	-4.153993431766437
tall	tallest	-0.05477074291336721
weak	weakest	-2.733646418199254
great	greatest	-3.829968890007012
bad	worst	-2.105614074509954
wide	widest	-0.5633625524400367
lucky	luckiest	-2.4935002825333563
large	largest	-3.391101420620204
easy	easiest	-4.447821168219046
weird	weirdest	None
sweet	sweetest	-1.9915126630489048
big	biggest	-3.3106730047416613
implementing	implemented	-2.480356164293789
listening	listened	-2.9533166381609948
hitting	hit	-1.8215303808667556
describing	described	-3.4242407085610025
dancing	danced	-1.334407893365286
hiding	hid	-3.349336753563213
singing	sang	-2.1004157429135315
sleeping	slept	-1.312006095711543
screaming	screamed	-3.345058421394384
sitting	sat	-3.1495113039489993
feeding	fed	-1.7026686607621009
flying	flew	-1.205743842491726
walking	walked	-2.964317494265787
vanishing	vanished	-1.3050335671579525
enhancing	enhanced	-2.9874291722444077
falling	fell	-3.8209895188331364
playing	played	-1.286233330442753
jumping	jumped	-1.9903742955362107
reading	read	-1.926941597748366
swimming	swam	-1.2504925838342853
taking	took	-3.7791763349541307
thinking	thought	-1.9590506587446928
paying	paid	-2.082475655967904
saying	said	-2.7014004181472258
knowing	knew	-2.438434800144052
decreasing	decreased	-1.5535350058534583
moving	moved	-3.6660762833999385
shrinking	shrank	None
striking	struck	-2.6737076410896083
seeing	saw	-3.6264365642289595
predicting	predicted	-1.7924398928996008
writing	wrote	-1.6344544824182141
increasing	increased	-2.064667240085557
running	ran	-2.1283549359217413
generating	generated	-1.7260846944244574
selling	sold	-2.02268811529489
stepson	stepdaughter	2.069306558677772
father	mother	-0.10540996521207602
his	her	-2.5087389406992733
stepbrother	stepsister	3.1928774567359737
grandfather	grandmother	-0.15822161726296213
nephew	niece	0.10442007239398077
uncle	aunt	0.5916012569354825
grandson	granddaughter	-0.6442278982434718
he	she	-3.1528641871979235
brothers	sisters	1.2448993771055927
stepfather	stepmother	-0.48922681811256974
grandpa	grandma	2.5084444524907945
man	woman	-0.22138993680955577
prince	princess	0.41626926679929666
policeman	policewoman	-0.563347599654197
husband	wife	0.2585790864898978
groom	bride	2.1600129415089886
king	queen	-0.23172274691618605
boy	girl	0.3597892055159347
brother	sister	0.02842326853043768
sons	daughters	2.0421700533588614
Belarus	Belorussian	None
Mexico	Mexican	None
Poland	Polish	0.12294251536181514
Italy	Italian	-0.6159501559525252
Chile	Chilean	None
Argentina	Argentinean	None
India	Indian	None
Ireland	Irish	None
Egypt	Egyptian	None
Switzerland	Swiss	None
Russia	Russian	-0.5583087675757294
Australia	Australian	None
Croatia	Croatian	None
Cambodia	Cambodian	None
Greece	Greek	-0.03248971407727433
Korea	Korean	None
Colombia	Colombian	None
Ukraine	Ukrainian	None
Norway	Norwegian	0.2436723582136874
Portugal	Portuguese	0.1540402072681141
France	French	-0.77714962214857
England	English	-1.5111904810861136
Israel	Israeli	None
Moldova	Moldovan	1.043397398799992
Albania	Albanian	None
Bulgaria	Bulgarian	None
China	Chinese	-0.3780869805111747
Germany	German	-0.8492661526236692
Slovakia	Slovakian	None
Spain	Spanish	-0.40148119543952343
Malta	Maltese	None
Thailand	Thai	None
Iceland	Icelandic	None
Austria	Austrian	-0.38272447807406096
Sweden	Swedish	None
Peru	Peruvian	None
Netherlands	Dutch	-0.10135977333786524
Chicago	Illinois	None
Pittsburgh	Pennsylvania	None
Madison	Wisconsin	None
Philadelphia	Pennsylvania	None
Glendale	Arizona	None
Cleveland	Ohio	None
Tacoma	Washington	None
Jacksonville	Florida	None
Boston	Massachusetts	None
Memphis	Tennessee	None
Anchorage	Alaska	None
Honolulu	Hawaii	None
Sacramento	California	None
Austin	Texas	None
Fontana	California	None
Miami	Florida	None
Baltimore	Maryland	None
Oakland	California	None
Minneapolis	Minnesota	None
Reno	Nevada	None
Spokane	Washington	None
Toledo	Ohio	None
Glendale	California	None
Laredo	Texas	None
Fresno	California	None
Tallahassee	Florida	None
Akron	Ohio	None
Arlington	Texas	None
Chandler	Arizona	None
Shreveport	Louisiana	None
Irving	Texas	None
Louisville	Kentucky	None
Nashville	Tennessee	None
Phoenix	Arizona	None
Bakersfield	California	None
Amarillo	Texas	None
Plano	Texas	None
Modesto	California	None
Lubbock	Texas	None
Hialeah	Florida	None
Tampa	Florida	None
Detroit	Michigan	None
Denver	Colorado	None
Stockton	California	None
Orlando	Florida	None
Indianapolis	Indiana	None
Fremont	California	None
Houston	Texas	None
Huntsville	Alabama	None
Oxnard	California	None
Dallas	Texas	None
Mesa	Arizona	None
Worcester	Massachusetts	None
Portland	Oregon	None
Milwaukee	Wisconsin	None
Wichita	Kansas	None
Scottsdale	Arizona	None
Atlanta	Georgia	None
Seattle	Washington	None
Tucson	Arizona	None
Henderson	Nevada	None
Omaha	Nebraska	None
Canada	dollar	-3.9413517147997745
Europe	euro	None
Mexico	peso	-2.66691221435148
Japan	yen	-2.4042457303699
Angola	kwanza	None
Hungary	forint	-0.9800726255698248
Algeria	dinar	None
Thailand	baht	-0.7899701042071973
Vietnam	dong	-1.4503423069046446
Armenia	dram	None
Argentina	peso	-2.825447702756867
Sweden	krona	-2.654772214592013
Macedonia	denar	None
Latvia	lats	None
Malaysia	ringgit	None
USA	dollar	-4.188963971892882
Korea	won	None
Denmark	krone	-1.7564326798549226
Brazil	real	-4.167482084959392
Ukraine	hryvnia	-0.6597049670406913
Lithuania	litas	None
India	rupee	None
Cambodia	riel	None
Russia	ruble	-2.7170255776363543
Nigeria	naira	-0.8618154853088814
Iran	rial	-2.1617337966529044
Bulgaria	lev	-3.34600163597791
go	goes	-2.872749660938671
sing	sings	-2.4638853795215807
enhance	enhances	-4.279355191869556
walk	walks	-2.335163073461559
sit	sits	-3.2417964990331587
talk	talks	-3.0900361869309156
work	works	-2.9330123103945183
estimate	estimates	-1.3107417836320032
provide	provides	-3.940619260155596
eat	eats	-1.5184824335502565
write	writes	-2.9872486494820714
say	says	-2.583041224763029
predict	predicts	-2.9102408818874412
speak	speaks	-1.178717037333946
vanish	vanishes	0.29789590535219157
listen	listens	-2.8969931411540637
swim	swims	-0.8259557820797686
find	finds	-3.0223733932090857
implement	implements	-3.473467140511363
think	thinks	-2.4534174389491037
decrease	decreases	-1.2810379183970813
scream	screams	-1.4541505344033498
shuffle	shuffles	-0.18702979330382494
slow	slows	-2.857333224803073
increase	increases	-1.5138450389185727
describe	describes	-3.6436936148213315
search	searches	-1.0738543395514497
happy	happily	-3.295185208165951
rapid	rapidly	-3.4388038123390197
lucky	luckily	-3.0489574885168427
quiet	quietly	-3.7808869110333934
infrequent	infrequently	None
immediate	immediately	-3.3569655688579685
serious	seriously	-3.1698987482403336
amazing	amazingly	None
professional	professionally	-3.1286793712187593
swift	swiftly	-5.271073866803735
fortunate	fortunately	-1.8554827840032262
quick	quickly	-2.7367316722925525
sudden	suddenly	-2.549674204422724
occasional	occasionally	-3.8830357170157
unfortunate	unfortunately	None
most	mostly	-4.337588428151884
free	freely	-3.4060140687266496
apparent	apparently	-4.205726604204243
precise	precisely	-2.5522299249366553
calm	calmly	-2.622914995845432
typical	typically	-2.740373937761905
obvious	obviously	-4.0542342312805255
efficient	efficiently	-3.7426034605692178
reluctant	reluctantly	-5.295952301299485
possible	possibly	-3.7368044049714073
slow	slowly	-2.8131860879015793
safe	safely	-3.693324925620691
furious	furiously	None
cheerful	cheerfully	-1.4257424644616532
Madrid	Spain	1.7035064774650557
Oslo	Norway	2.347404863080895
Rome	Italy	0.8969637039157219
Helsinki	Finland	2.8669171927356594
Paris	France	0.7782628778034253
Canberra	Australia	1.165522258001759
London	England	0.004401376270143348
Berlin	Germany	0.8394596221116364
Islamabad	Pakistan	2.5124111858349627
Baghdad	Iraq	2.169157981707328
Ottawa	Canada	0.8852738749813592
Beijing	China	1.6027558164862863
Bangkok	Thailand	3.110285682131617
Stockholm	Sweden	2.4305283388802628
Tokyo	Japan	2.070919795891391
Cairo	Egypt	2.3262987971194815
Kabul	Afghanistan	2.523039681363772
Tehran	Iran	2.797860944205461
Bern	Switzerland	2.5423513387887002
Havana	Cuba	3.2830431428969806
Moscow	Russia	1.3052458570268914
generate	generating	-2.2071692613073943
listen	listening	-1.8698228823163838
debug	debugging	0.6259987715456078
think	thinking	-2.268740973427955
say	saying	-3.0334600466931336
write	writing	-2.5455853695155453
walk	walking	-1.50967214477315
sing	singing	-2.077199235993388
slow	slowing	-2.9611571231509832
fly	flying	-1.54878497519369
shuffle	shuffling	0.8361112284691373
move	moving	-2.7853423839055456
see	seeing	-4.763826534191781
run	running	-2.0174486553041335
look	looking	-2.951169351027696
decrease	decreasing	-0.7360131192286401
sit	sitting	-2.2031955285946956
predict	predicting	-1.9322826718746806
read	reading	-1.946993578040888
scream	screaming	-1.6138997462503915
go	going	-3.0116629959072934
describe	describing	-3.658433820778241
play	playing	-2.78567936611947
invent	inventing	None
increase	increasing	-1.5748329643775583
enhance	enhancing	-3.8478184260460346
jump	jumping	-0.842095970222094
vanish	vanishing	-1.113150612431271
implement	implementing	-2.932589861844896
discover	discovering	-3.891414318872003
computer	computers	-0.8364802761749571
banana	bananas	0.11166662608472754
donkey	donkeys	-0.26111929818294966
onion	onions	0.5645704645928251
man	men	-2.8950033594036335
road	roads	-1.5428323495793344
snake	snakes	0.21350375377496453
dream	dreams	-1.2547491569109515
hand	hands	-2.513736782002936
cloud	clouds	-0.32186328840819295
pig	pigs	0.03661740598560325
building	buildings	-1.9261969420657021
eagle	eagles	-1.4010790018738368
eye	eyes	-1.619717537866416
cat	cats	-0.33771521468805143
monkey	monkeys	0.28671259606923283
mouse	mice	-0.3339285878447223
horse	horses	-0.6365052406312101
pineapple	pineapples	0.38404969172899894
woman	women	-2.3772217212852915
goat	goats	-0.05728828522488554
rat	rats	0.02746882615071997
bird	birds	-0.8294922694283743
dog	dogs	-0.2157668311724433
cow	cows	-0.27944219936105463
finger	fingers	0.08884857250238486
mango	mangoes	0.7330990567927617
car	cars	-0.9299835973321573
bottle	bottles	-0.3755684676103541
child	children	-1.0251204077297296
elephant	elephants	0.2769969476214228
melon	melons	0.8789544369739118
pear	pears	0.7664004567746165
color	colors	-0.9777934803529014
fortunate	fortunately	-1.8554827840032262
tight	young	-3.333055186735255
tall	taller	-0.5738008798700824
newer	larger	-0.08749556120300035
cheap	great	-3.59640069397324
most	mostly	-4.337588428151884
slow	slower	-1.7852427051776927
taller	weaker	-4.158733856080994
bad	young	-3.3151280041277875
infrequent	infrequently	None
worse	simpler	-4.6920553539510115
new	newer	-4.970989441870501
generate	generates	-2.5210183861920563
tall	slow	-4.168979320809074
high	higher	-2.743471013171365
safer	simpler	-1.0842211727080389
striking	struck	-2.6737076410896083
shorter	cooler	-2.381914117910772
hot	hotter	-2.5870809715629877
bad	great	-3.453347734891919
tough	tougher	-1.5161297023595368
impressive	unimpressive	-3.6195270159785964
fast	easy	-1.0902710424700846
lower	cooler	-2.984009580794703
short	shorter	-3.366647564714407
younger	colder	None
complete	completely	-3.7812873953948762
hard	cold	-3.0811336857208964
low	lower	-2.3341397944235025
old	young	-2.485897869911876
cool	coolest	-2.5317588355159337
newer	cheaper	-1.5204838434787178
sharp	sharper	-2.65167514840382
cool	hot	-0.4975868280942622
discover	discovering	-3.891414318872003
stronger	smaller	-2.591832725057026
mango	mangoes	0.7330990567927617
big	bigger	-2.4454861979615936
higher	colder	-2.4864480452386077
long	short	-1.0933613850634571
large	young	-3.514977313800369
newer	longer	-1.9346516698723037
great	greater	-3.783647539106327
describe	describing	-3.658433820778241
simple	simpler	-3.0988437013050047
deep	young	-3.6712239308618324
big	biggest	-3.3106730047416613
worse	easier	-5.132751588298058
large	larger	-3.109560814855705
fast	small	-2.6311450430673693
sweet	sweetest	-1.9915126630489048
shorter	louder	-3.019681334405897
long	great	-3.3269237808070082
cool	cooler	-1.669845594297329
slower	hotter	-1.7080695312375795
walking	walked	-2.964317494265787
machine	machines	-1.013644265371288
tight	tighter	-2.9301949339760327
bright	heavy	-3.2940705694465344
faster	smarter	-0.5222334875594086
road	roads	-1.5428323495793344
new	cold	-4.935210056586884
wide	wider	-2.676886467230686
faster	bigger	-1.8673833153065371
young	younger	-3.2684112245688626
newer	colder	None
lucky	luckiest	-2.4935002825333563
big	safe	-4.891490629346419
tasty	tastiest	None
heavier	longer	-0.8241005549468292
fast	wide	-3.0541883121764117
strong	stronger	-2.714300294845926
swimming	swam	-1.2504925838342853
loud	louder	-0.8240063566788297
greater	cheaper	-4.385193955483904
old	sharp	-4.776833874055722
easy	easier	-3.179627758606413
finger	fingers	0.08884857250238486
younger	tougher	-5.547819247864689
cool	simple	-3.9914709489219207
small	smaller	-3.305979311443716
lower	louder	-4.732383937260486
swim	swims	-0.8259557820797686
new	cold	-4.935210056586884
newer	hotter	-4.545182276304903
likely	unlikely	-3.4051648446712934
quick	quicker	-2.2485277267523665
fast	smart	-2.9786356465033257
smart	smarter	-0.505894494714697
small	smallest	-4.090141221032772
safer	easier	0.5350906820013528
old	slow	-4.099827342697505
weak	small	-2.370682367116558
hard	harder	-1.6709162434704388
slow	slowly	-2.8131860879015793
shorter	bigger	-3.1189931118972987
safe	safer	-2.4289591529866503
cool	warm	0.18753544198505273
Netherlands	Dutch	-0.10135977333786524
worse	tighter	None
heavy	heavier	-2.6216828638474916
China	Chinese	-0.3780869805111747
stronger	tighter	-2.083329701379847
tall	simple	-2.778242067943694
larger	hotter	-2.106372069453951
old	older	-2.8303475364953674
strong	safe	-3.598160846311639
furious	furiously	None
weak	young	-3.3004836160204447
safer	smaller	-2.0523876778762893
cold	colder	-2.205407363512222
Cambodia	Cambodian	None
shorter	tighter	-0.7518819297069541
Spain	Spanish	-0.40148119543952343
bad	small	-3.7329387648781087
fast	faster	-1.489444488722532
large	great	-3.277408459240945
weak	weaker	-1.6883829551008032
higher	larger	-2.2956527588298545
pineapple	pineapples	0.38404969172899894
bright	brighter	-1.9224203423212802
stronger	smarter	-0.38388904528096945
slowing	slowed	-1.724771815127807
bad	sharp	-4.774604170209971
stronger	smaller	-2.591832725057026
bad	worse	0.15655069146204614
weak	easy	-2.684346377170326
wide	widest	-0.5633625524400367
lower	larger	-2.5607493684048124
lion	lions	-1.0085648793914603
bright	simple	-3.5469364589289705
good	better	-2.020664408327888
warm	warmer	-1.4115064571812994
younger	harder	-5.573385266652709
Sweden	Swedish	None
bad	cold	-3.4039150298617997
convincing	unconvincing	-3.710941796168481
likely	acceptable	-3.7936005900288987
swift	swiftly	-5.271073866803735
unreasonable	irresponsible	-0.2519163140969089
ethical	unethical	-0.18805450913353006
swift	swiftly	-5.271073866803735
unlikely	inconsistent	-5.117624722931781
productive	rational	-5.414861181775246
free	freely	-3.4060140687266496
convenient	inconvenient	-1.918663412795916
unlikely	inconsistent	-5.117624722931781
possible	efficient	-3.4468828343868854
possibly	impossibly	None
unfortunate	unpleasant	None
pineapple	pineapples	0.38404969172899894
certain	responsible	-3.59047757917309
impossible	unethical	-4.256334170435476
reasonable	unreasonable	-0.05543119887292905
productive	ethical	-2.3574266101653927
dream	dreams	-1.2547491569109515
uninformed	unconvincing	None
informed	impressive	None
tasteful	distasteful	None
monkey	monkeys	0.28671259606923283
increasing	increased	-2.064667240085557
convenient	responsible	-4.960303790111683
efficient	inefficient	-1.149859689444584
unsure	unconvincing	None
sure	consistent	-3.179827899036005
unproductive	unconvincing	None
enhance	enhances	-4.279355191869556
logical	illogical	-0.972130601682066
comfortable	rational	None
productive	unproductive	0.36692928983995626
Spain	Spanish	-0.40148119543952343
unreasonable	irrational	0.4276102858156675
impossible	unaware	-4.805246743086366
honest	dishonest	-0.05451968887337601
comfortable	known	-4.219654298990997
invent	inventing	None
tasteful	competitive	None
aware	unaware	-2.4927727083909956
rare	rarely	-3.3997805536222874
unlikely	inconvenient	-1.2157397419386826
Italy	Italian	-0.6159501559525252
possible	acceptable	-2.896071549312211
consistent	inconsistent	-1.3181625341768377
unlikely	distasteful	None
reasonable	competitive	-3.2597024444872655
unclear	inconvenient	None
young	youngest	-4.153993431766437
certain	uncertain	-3.468888464749445
likely	unlikely	-3.4051648446712934
uncompetitive	unpleasant	None
certain	fortunate	-7.202093129301245
swim	swims	-0.8259557820797686
bright	brighter	-1.9224203423212802
reasonable	aware	-2.4036280244435266
unfortunate	irrational	None
possible	impossible	-2.839583757860932
dishonest	unknown	None
convincing	ethical	-4.307415705092929
color	colors	-0.9777934803529014
responsible	irresponsible	-3.114887542220974
pleasant	clear	-3.8303881837690033
see	sees	-4.215103774747239
dishonest	irresponsible	0.3485976912810275
informed	uninformed	-1.8793794678077589
rational	irrational	1.7597123846511766
uncompetitive	unknown	None
reasonable	impressive	-5.450161511597854
slow	slows	-2.857333224803073
unfortunate	unconvincing	None
work	works	-2.9330123103945183
convincing	known	-4.349594664783714
acceptable	unacceptable	1.1836297690994273
unlikely	unethical	None
bottle	bottles	-0.3755684676103541
informed	rational	-2.6558876807548217
comfortable	uncomfortable	-1.8462508435368916
dishonest	unethical	1.527082915350656
pleasant	unpleasant	0.5882629282362755
Spain	Spanish	-0.40148119543952343
productive	responsible	-1.5217457683729538
clear	unclear	-4.181597199540987
finger	fingers	0.08884857250238486
unreasonable	unconvincing	None
logical	consistent	-1.1513677692225937
decided	undecided	-4.3114919720773
uninformative	unpleasant	0.9215088817593606
productive	consistent	-2.694883862796849
usual	usually	-2.8492262133322095
spending	spent	-3.4487792662034105
convincing	competitive	-5.642580246117925
unclear	unacceptable	None
informative	uninformative	1.3081409101151986
likely	acceptable	-3.7936005900288987
uninformed	unethical	None
competitive	uncompetitive	-1.8277201938919563
rat	rats	0.02746882615071997
uncertain	unpleasant	-4.18208982283565
fortunate	unfortunate	-0.07648802087400093
knowing	knew	-2.438434800144052
sure	pleasant	-4.812435440780647
possibly	fortunate	-6.469704513818222
uninformed	unaware	-1.4374144245755378
sure	unsure	-3.500300160486174
decrease	decreases	-1.2810379183970813
Nigeria	naira	-0.8618154853088814
China	Gabon	None
Tegucigalpa	Paramaribo	None
Belgrade	Serbia	2.442137203741465
Algeria	dinar	None
Algeria	Kazakhstan	None
Manila	Philippines	2.0070841860665354
Bamako	Caracas	None
Bangkok	Amman	-4.598202762565865
Poland	zloty	-3.7263807841203826
Paris	France	0.7782628778034253
Malawi	Honduras	None
Russia	ruble	-2.7170255776363543
Dublin	Gaborone	None
Tunisia	Vietnam	None
Lilongwe	Malawi	None
Kathmandu	Roseau	None
Latvia	lats	None
Romania	Sudan	None
Abuja	Nigeria	3.2536499249512643
Iran	rial	-2.1617337966529044
Rabat	Kampala	None
Beijing	China	1.6027558164862863
Ireland	Ghana	None
Dublin	Riga	None
Vietnam	dong	-1.4503423069046446
Kiev	Ukraine	2.263653643113822
Ecuador	Tajikistan	None
Belgium	Switzerland	0.10761825352084581
man	woman	-0.22138993680955577
Madrid	Skopje	None
Tunis	Tunisia	None
Amman	Jordan	3.106655478105143
stepfather	stepmother	-0.48922681811256974
Podgorica	Ottawa	None
Turkmenistan	Morocco	None
Tallinn	Riga	None
Canada	Honduras	None
Latvia	lats	None
Libreville	Gabon	None
Serbia	Denmark	-2.869768702838113
Moscow	Russia	1.3052458570268914
Dhaka	Bratislava	None
Japan	yen	-2.4042457303699
Estonia	Switzerland	None
Dublin	Ireland	1.3759797317822753
Brussels	Nairobi	-3.0768825545038245
man	woman	-0.22138993680955577
Bucharest	Canberra	-3.898686603654641
Uzbekistan	Albania	None
Accra	Ghana	None
Argentina	peso	-2.825447702756867
Tehran	Budapest	-4.2828446613151705
Uganda	Somalia	None
stepfather	stepmother	-0.48922681811256974
Manama	Bahrain	None
Iran	Slovakia	None
Dushanbe	Canberra	None
USA	dollar	-4.188963971892882
Stockholm	Sweden	2.4305283388802628
Havana	Cuba	3.2830431428969806
Portugal	Samoa	None
brothers	sisters	1.2448993771055927
Tehran	Damascus	-1.4990254212316272
Dushanbe	Tajikistan	None
Mozambique	Qatar	None
Romania	leu	-1.898105256170632
Ashgabat	Skopje	None
Botswana	Iraq	None
Muscat	Budapest	None
nephew	niece	0.10442007239398077
Madrid	Spain	1.7035064774650557
Nairobi	Kenya	3.4112768631688515
father	mother	-0.10540996521207602
Lilongwe	Lima	None
China	Spain	-2.9265036124255928
Tegucigalpa	Santiago	None
Valletta	Malta	None
Zimbabwe	Bangladesh	None
policeman	policewoman	-0.563347599654197
Apia	Samoa	None
Laos	Bhutan	None
Rome	Gaborone	None
boy	girl	0.3597892055159347
Tokyo	Japan	2.070919795891391
Tegucigalpa	Paris	None
Macedonia	Malta	None
husband	wife	0.2585790864898978
Bucharest	Libreville	None
Canada	dollar	-3.9413517147997745
Riga	Latvia	None
Afghanistan	Nigeria	-2.906746514162045
brother	sister	0.02842326853043768
Conakry	Guinea	3.559134268619655
Nouakchott	Georgetown	None
Uzbekistan	Slovenia	None
Antananarivo	Ottawa	None
brother	sister	0.02842326853043768
Doha	Qatar	None
Iran	Thailand	-2.7308269262759115
Cairo	Bishkek	None
son	daughter	-0.2993988876130911
Georgetown	Guyana	None
Georgia	Cuba	-4.456190321323499
Tegucigalpa	Stockholm	None
Turkmenistan	Vietnam	None
Europe	euro	None
Ankara	Turkey	3.027916954033932
France	Fiji	-3.821848673649353
Warsaw	Poland	1.4230124888809323
Tehran	Banjul	None
Croatia	kuna	-1.3621294426615445
Asmara	Minsk	None
Tegucigalpa	Honduras	None
groom	bride	2.1600129415089886
Zambia	Vietnam	None
he	she	-3.1528641871979235
Latvia	Armenia	None
Minsk	Belarus	None
Kingston	Thimphu	None
Cambodia	riel	None
Lusaka	Zambia	None
Kathmandu	Lisbon	None
Belarus	Moldova	None
Rabat	Morocco	None
policeman	policewoman	-0.563347599654197
Liechtenstein	Albania	None
Bangkok	Doha	None
nephew	niece	0.10442007239398077
Serbia	Switzerland	-1.097149086890198
Asmara	Eritrea	None
Athens	Kigali	None
Belgium	Moldova	-3.2177820840401874
Islamabad	Doha	None
groom	bride	2.1600129415089886
Lisbon	Portugal	2.293746050233882
Egypt	Vietnam	-3.2250689870814915
Tbilisi	Roseau	None
grandson	granddaughter	-0.6442278982434718
Vilnius	Lithuania	None
Uzbekistan	Tajikistan	None
Baghdad	Vienna	-4.768151580695898
husband	wife	0.2585790864898978
Santiago	Chile	2.5831280170196393
Ecuador	Indonesia	-2.170049572891655
Mogadishu	Somalia	None
Brussels	Manila	-4.35441854231753
Europe	euro	None
Zagreb	Libreville	None
India	rupee	None
Malawi	Germany	None
London	England	0.004401376270143348
husband	wife	0.2585790864898978
Turkey	Chile	-2.683280283431252
Bujumbura	Burundi	None
Cairo	Minsk	None
Suva	Taipei	None
stepson	stepdaughter	2.069306558677772
Dakar	Senegal	None
Belgium	Taiwan	-3.8215277884279857
Vienna	Austria	1.8520680087012438
groom	bride	2.1600129415089886
Bahrain	Gabon	None
Muscat	Warsaw	None
Bahrain	Italy	None
Monrovia	Budapest	None
Armenia	dram	None
Ashgabat	Turkmenistan	None
Montevideo	Uruguay	None
Japan	yen	-2.4042457303699
Muscat	Tashkent	None
Lithuania	Syria	None
Taipei	Taiwan	2.6315459052229535
Kabul	Warsaw	-3.181582824118287
son	daughter	-0.2993988876130911
Iran	Germany	-2.989469849409098
Kingston	Jamaica	2.2457836468348193
Uzbekistan	Poland	None
Romania	leu	-1.898105256170632
Helsinki	Havana	-4.465752381501114
Nuuk	Greenland	None
Australia	Morocco	-4.764103156140338
Hanoi	Warsaw	-3.1249975972522406
stepfather	stepmother	-0.48922681811256974
Denmark	krone	-1.7564326798549226
Quito	Ecuador	None
Helsinki	Nicosia	None
Libya	Mali	None
Belmopan	Belize	None
Namibia	Malta	None
Madrid	Astana	None
boy	girl	0.3597892055159347
Mexico	peso	-2.66691221435148
Greenland	Madagascar	None
Nouakchott	Windhoek	None
Gaborone	Botswana	None
Baghdad	Roseau	None
Skopje	Macedonia	None
Finland	Vietnam	-4.418846372935112
Hungary	forint	-0.9800726255698248
Kabul	Afghanistan	2.523039681363772
Dominica	Denmark	None
policeman	policewoman	-0.563347599654197
Niamey	Nuuk	None
Rwanda	Bangladesh	None
Tashkent	Uzbekistan	None
policeman	policewoman	-0.563347599654197
Zagreb	Manila	None
boy	girl	0.3597892055159347
Uruguay	Russia	None
Brussels	Belgium	2.2521846126126235
Bucharest	Budapest	-0.2951632264306354
Conakry	Kiev	None
Macedonia	denar	None
Peru	Samoa	None
Cairo	Egypt	2.3262987971194815
Funafuti	Moscow	None
Nicosia	Cyprus	None
sons	daughters	2.0421700533588614
Norway	Bhutan	None
policeman	policewoman	-0.563347599654197
Algiers	Algeria	None
Madrid	Banjul	None
Guyana	Switzerland	-4.399801963758353
Luanda	Windhoek	None
policeman	policewoman	-0.563347599654197
Kigali	Rwanda	None
Latvia	Jordan	None
Beijing	Thimphu	None
grandson	granddaughter	-0.6442278982434718
Latvia	Italy	None
Antananarivo	Madagascar	None
Sofia	Bulgaria	2.6374620623369895
Macedonia	denar	None
Algeria	Moldova	None
Helsinki	Bratislava	None
Afghanistan	Russia	-1.949515732122096
Cambodia	riel	None
Copenhagen	Denmark	2.482226665318259
Vientiane	Riga	None
Bangkok	Thailand	3.110285682131617
Suva	Kigali	None
Japan	Eritrea	None
Europe	euro	None
Canada	Venezuela	-2.8956414231867247
Funafuti	Tuvalu	None
he	she	-3.1528641871979235
Oslo	Bishkek	None
grandpa	grandma	2.5084444524907945
Bangkok	Lima	-3.619318022200459
Philippines	Qatar	None
Budapest	Hungary	2.6076359587822657
Khartoum	Thimphu	None
Latvia	Suriname	None
Canada	dollar	-3.9413517147997745
Tehran	Iran	2.797860944205461
Lusaka	Jakarta	None
Greenland	Samoa	None
father	mother	-0.10540996521207602
Hanoi	Vietnam	2.2697198000100682
Antananarivo	Abuja	None
Rwanda	Albania	None
groom	bride	2.1600129415089886
Khartoum	Sudan	None
grandfather	grandmother	-0.15822161726296213
Tallinn	Estonia	None
Suva	Santiago	None
Uzbekistan	Suriname	None
Oslo	Canberra	-4.787977204529569
Zambia	Liberia	None
Sweden	krona	-2.654772214592013
Lima	Peru	2.7436681743118787
Hungary	Armenia	None
Athens	Greece	2.1749209664449802
Vietnam	dong	-1.4503423069046446
Funafuti	Lisbon	None
Dhaka	Bangladesh	2.872462641487843
his	her	-2.5087389406992733
Romania	Jordan	-5.243947063669082
Helsinki	Mogadishu	None
Tegucigalpa	Belgrade	None
Norway	Tajikistan	None
Tirana	Albania	None
prince	princess	0.41626926679929666
Nassau	Bahamas	None
boy	girl	0.3597892055159347
Athens	Windhoek	None
Afghanistan	Ghana	None
Bucharest	Nicosia	None
Oslo	Norway	2.347404863080895
Greece	Cyprus	0.64100860408752
Mexico	peso	-2.66691221435148
his	her	-2.5087389406992733
Beijing	Belgrade	-4.020205652254457
Angola	Switzerland	None
Windhoek	Namibia	None
Valletta	Apia	None
Japan	Syria	-4.781751718874952
dad	mom	0.514416114111429
Bratislava	Slovakia	None
Australia	Belgium	-1.6425500574923735
Korea	won	None
Astana	Kazakhstan	None
Ashgabat	Bujumbura	None
Algeria	dinar	None
Finland	Germany	0.1474958297459058
Harare	Yerevan	None
Damascus	Syria	2.333975212485112
son	daughter	-0.2993988876130911
Senegal	Albania	None
Tbilisi	Georgia	2.1667567453343084
Vaduz	Yerevan	None
Bucharest	Romania	2.429864001430988
king	queen	-0.23172274691618605
Egypt	Russia	-2.491832162643678
Tripoli	Doha	None
Azerbaijan	Denmark	None
Zagreb	Croatia	2.60333627153301
Dushanbe	Tunis	None
boy	girl	0.3597892055159347
Hungary	forint	-0.9800726255698248
Yerevan	Armenia	None
Niger	Spain	None
Lusaka	Tokyo	None
Uruguay	Taiwan	None
Niamey	Niger	None
Nigeria	naira	-0.8618154853088814
Vaduz	Skopje	None
Denmark	Burundi	None
brothers	sisters	1.2448993771055927
Kathmandu	Nepal	None
Khartoum	Managua	None
Nouakchott	Mauritania	None
Latvia	lats	None
Podgorica	Kampala	None
Belgium	Syria	-4.9817527936124115
lowest	biggest	-4.078730859086147
weak	weakest	-2.733646418199254
increasing	increased	-2.064667240085557
large	smart	-5.4423423723458635
highest	warmest	-4.999277164332781
slow	slowest	-2.465724203195574
low	wide	-2.643379101527706
predict	predicts	-2.9102408818874412
clear	unclear	-4.181597199540987
oldest	weakest	-4.218758785376912
cold	coldest	-2.6045405034759286
warm	wide	-3.951692568491735
tastiest	warmest	None
saying	said	-2.7014004181472258
dark	darkest	-3.3045646761041882
young	high	-3.1385595401755664
swift	swiftly	-5.271073866803735
young	quick	-4.341474634768714
strangest	darkest	None
lucky	luckiest	-2.4935002825333563
old	short	-4.070744472036407
saying	said	-2.7014004181472258
coolest	biggest	-2.8716788683962253
smart	smartest	-3.6467756703545393
strange	strangest	-2.7575409491758442
sharpest	youngest	None
fast	quick	-1.879328102266019
impressive	unimpressive	-3.6195270159785964
easy	easiest	-4.447821168219046
tall	weird	-5.30012733980811
strangest	worst	None
swimming	swam	-1.2504925838342853
short	shortest	-4.308961852174942
young	easy	-4.500946963820233
selling	sold	-2.02268811529489
fastest	easiest	-1.5498438400766812
good	best	-2.8345634932358195
warm	great	-3.473095348572604
sure	unsure	-3.500300160486174
weirdest	darkest	None
strangest	sweetest	None
good	simple	-3.3825363963678354
France	French	-0.77714962214857
large	largest	-3.391101420620204
good	strange	-4.411874518272526
weirdest	weakest	None
sharp	sharpest	-2.6448237141202267
comfortable	uncomfortable	-1.8462508435368916
smartest	highest	None
tasteful	distasteful	None
cool	coolest	-2.5317588355159337
sharp	strange	-5.593158120319602
big	smart	-4.401217314269658
rare	rarely	-3.3997805536222874
simplest	weakest	-3.578959900434238
hot	hottest	-2.9872121904873525
strong	strongest	-3.6315806627538723
large	tasty	-4.6463223312618736
playing	played	-1.286233330442753
widest	quickest	None
bad	easy	-3.590930305418325
low	lowest	-2.575006154184338
widest	warmest	None
rapid	rapidly	-3.4388038123390197
dollar	dollars	-0.4174142373514091
long	hot	-2.9531008677833808
strangest	weakest	None
warm	warmest	-1.6420691520235742
small	smallest	-4.090141221032772
large	sweet	-4.646951090781671
weirdest	warmest	None
elephant	elephants	0.2769969476214228
bright	short	-3.4045440734979002
sharpest	largest	-3.2960486224052783
pig	pigs	0.03661740598560325
quick	quickest	-4.003833379442971
bad	worst	-2.105614074509954
mouse	mice	-0.3339285878447223
oldest	quickest	-5.22208857448904
sharp	tasty	None
sit	sits	-3.2417964990331587
fastest	quickest	-1.5073797254148127
fast	strange	-5.2381761261426565
tasty	tastiest	None
simplest	sweetest	-0.9246048195648419
weird	weirdest	None
warm	wide	-3.951692568491735
rapid	rapidly	-3.4388038123390197
possible	impossible	-2.839583757860932
cool	simple	-3.9914709489219207
hottest	longest	-3.3305941629278006
high	highest	-3.2881181880328065
tall	hot	-5.013400827544453
widest	strongest	None
sharp	sharper	-2.65167514840382
big	biggest	-3.3106730047416613
young	youngest	-4.153993431766437
cheap	cheaper	-1.8251436983733342
bright	high	-2.782614596189443
coldest	sweetest	None
debug	debugging	0.6259987715456078
old	oldest	-2.6219417813036117
simplest	easiest	0.25444369147067547
young	weird	-5.577743493933392
long	longest	-2.356454879627348
big	strange	-4.976583590627046
slowest	biggest	-2.787740643059863
occasional	occasionally	-3.8830357170157
fast	fastest	-1.996806735011597
bright	sweet	-2.803594688110548
apparent	apparently	-4.205726604204243
oldest	luckiest	None
long	sweet	-4.117121671336857
hot	hotter	-2.5870809715629877
lowest	sweetest	None
wide	widest	-0.5633625524400367
bad	high	-3.325334095041975
coldest	darkest	-1.5752814784046059
tall	tallest	-0.05477074291336721
long	longer	-2.7857930391024457
strangest	greatest	None
dark	cold	-2.103419627271734
melon	melons	0.8789544369739118
bright	brightest	-2.3042406017767805
spent	enhanced	-8.685154877887298
increasing	increased	-2.064667240085557
consistent	inconsistent	-1.3181625341768377
describing	thinking	-3.407917225849441
looking	looked	-3.583301080170509
old	older	-2.8303475364953674
slowed	hit	-3.067236651427426
increasing	sitting	-5.72703352851659
took	walked	-4.985134768819998
generating	playing	-4.959784578260267
implementing	implemented	-2.480356164293789
new	newer	-4.970989441870501
Chile	Chilean	None
implementing	spending	-4.001682267157771
said	struck	-3.8321196916899676
enhancing	enhanced	-2.9874291722444077
usual	usually	-2.8492262133322095
hitting	predicting	None
slowed	flew	None
decreasing	decreased	-1.5535350058534583
increasing	predicting	-5.914028269635957
hitting	hit	-1.8215303808667556
walked	predicted	None
China	Chinese	-0.3780869805111747
sitting	sat	-3.1495113039489993
weird	weirdest	None
generating	shrinking	None
decreased	looked	-5.804290566799135
read	shrank	None
road	roads	-1.5428323495793344
slowing	slowed	-1.724771815127807
vanishing	looking	-3.413020498190636
knowing	singing	-5.4084156179466785
fed	wrote	-4.937681464970285
bad	worst	-2.105614074509954
seeing	saw	-3.6264365642289595
paid	predicted	-7.42010415700177
sleeping	slept	-1.312006095711543
informative	uninformative	1.3081409101151986
reading	striking	-5.661910995326664
looked	wrote	-4.324136656236503
describing	screaming	-5.7125196168633625
run	running	-2.0174486553041335
flying	flew	-1.205743842491726
generating	generated	-1.7260846944244574
walk	walking	-1.50967214477315
fed	played	-3.507616927709868
hitting	predicting	None
writing	wrote	-1.6344544824182141
hitting	dancing	None
thought	sang	-4.5815996750598655
dark	darkest	-3.3045646761041882
immediate	immediately	-3.3569655688579685
sold	slept	-6.141207755906164
walking	walked	-2.964317494265787
knowing	increasing	-4.856616992266091
implementing	seeing	-5.164554821554743
spent	ran	-5.553499410274446
free	freely	-3.4060140687266496
falling	fell	-3.8209895188331364
feeding	fed	-1.7026686607621009
paying	flying	-4.092371877453497
sit	sits	-3.2417964990331587
took	slept	-5.466168154341798
reading	flying	-4.627259695260105
predicting	predicted	-1.7924398928996008
strong	strongest	-3.6315806627538723
slowed	wrote	-6.408363999131152
read	hid	-5.438512596951484
reading	thinking	-2.6568458072955257
knowing	knew	-2.438434800144052
wide	widest	-0.5633625524400367
running	ran	-2.1283549359217413
vanished	played	-4.701798388931019
writing	thinking	-2.917827424978522
bright	brighter	-1.9224203423212802
spent	enhanced	-8.685154877887298
bright	brightest	-2.3042406017767805
taking	took	-3.7791763349541307
increasing	flying	-4.626184880976982
thinking	thought	-1.9590506587446928
sleeping	swimming	-3.792080835748459
quick	quicker	-2.2485277267523665
read	jumped	-5.139296016443073
vanishing	vanished	-1.3050335671579525
paying	flying	-4.092371877453497
knew	enhanced	None
cloud	clouds	-0.32186328840819295
knowing	hiding	-2.6352816929172396
walked	saw	-2.135432841972043
playing	played	-1.286233330442753
warm	warmer	-1.4115064571812994
screaming	screamed	-3.345058421394384
slowed	described	-5.828591320542554
apparent	apparently	-4.205726604204243
moving	hiding	-3.982898612148051
Poland	Polish	0.12294251536181514
listening	listened	-2.9533166381609948
took	saw	-4.150099318363651
implementing	shrinking	-3.82975530532617
listening	feeding	-5.876605880778409
describing	described	-3.4242407085610025
took	enhanced	-6.463924232094328
sing	sings	-2.4638853795215807
India	Indian	None
read	ran	-4.246927855532497
knowing	striking	-4.596091988057153
paying	paid	-2.082475655967904
amazing	amazingly	None
singing	sang	-2.1004157429135315
took	jumped	-5.252446598321593
sleeping	predicting	None
thought	walked	-4.406834787787505
jumping	increasing	-3.8344563508672396
write	writes	-2.9872486494820714
swimming	swam	-1.2504925838342853
sleeping	striking	-5.868959678628261
selling	sold	-2.02268811529489
usual	usually	-2.8492262133322095
decreased	described	-4.694335453851855
jumping	increasing	-3.8344563508672396
dollar	dollars	-0.4174142373514091
reading	read	-1.926941597748366
fell	looked	-4.546890243342847
dancing	danced	-1.334407893365286
hitting	swimming	-5.201576420284528
free	freely	-3.4060140687266496
thought	ran	-4.368574097849217
moved	shrank	-6.878270469023728
jumping	jumped	-1.9903742955362107
eye	eyes	-1.619717537866416
knowing	enhancing	None
sing	sings	-2.4638853795215807
thought	slept	-4.0734197056503945
saying	said	-2.7014004181472258
going	singing	-3.6972374886001957
implementing	playing	-5.6375939976345
France	French	-0.77714962214857
going	went	-3.4199438951431533
fed	sang	None
decreasing	swimming	-5.255369484321204
hard	harder	-1.6709162434704388
shrinking	shrank	None
slowed	hid	None
Mogadishu	Somalia	None
prince	stepfather	-5.783147719654874
uncle	aunt	0.5916012569354825
wife	mother	-1.084416192410848
Oslo	Norway	2.347404863080895
grandfather	grandmother	-0.15822161726296213
he	husband	-4.987067021970289
she	daughters	-3.441802916478868
grandma	queen	-1.965068718371012
nephew	nephew	None
Nigeria	naira	-0.8618154853088814
husband	wife	0.2585790864898978
stepfather	stepmother	-0.48922681811256974
Quito	Ecuador	None
father	stepson	-4.665149501203559
bride	aunt	-2.938380882369997
stepdaughter	aunt	-1.5125660379272539
grandpa	grandma	2.5084444524907945
grandson	grandson	None
Sweden	krona	-2.654772214592013
stepbrother	husband	-2.1448051890504845
stepdaughter	mother	-2.030446898647006
policeman	policewoman	-0.563347599654197
Hanoi	Vietnam	2.2697198000100682
Anchorage	Alaska	None
father	stepfather	-2.957232066656831
grandmother	daughter	-1.0784435475792395
boy	girl	0.3597892055159347
groom	bride	2.1600129415089886
India	rupee	None
wife	daughter	0.4420060349085706
policeman	son	-2.400659212772562
bride	mother	-1.3041607707905372
Madrid	Spain	1.7035064774650557
his	her	-2.5087389406992733
grandpa	groom	None
dad	mom	0.514416114111429
Iran	rial	-2.1617337966529044
niece	her	-0.4606164433347793
uncle	husband	-2.5830549536215286
stepbrother	dad	None
wife	policewoman	-5.333698789741995
Garland	Texas	None
stepson	stepdaughter	2.069306558677772
grandson	granddaughter	-0.6442278982434718
policeman	king	-3.7815215108770444
she	daughter	-1.9022160164891897
Rome	Italy	0.8969637039157219
nephew	niece	0.10442007239398077
Kabul	Afghanistan	2.523039681363772
he	his	-0.5079909673232713
stepmother	daughters	-0.864330561699659
boy	brothers	-3.5736322725795073
Denmark	krone	-1.7564326798549226
sister	aunt	-1.5131732983043917
son	daughter	-0.2993988876130911
Ukraine	hryvnia	-0.6597049670406913
father	king	-1.723373335141108
prince	princess	0.41626926679929666
she	mother	-2.2598605173527058
Lilongwe	Malawi	None
woman	princess	-3.381376652032993
king	queen	-0.23172274691618605
nephew	his	-0.7746781847671751
he	she	-3.1528641871979235
Indianapolis	Indiana	None
niece	granddaughter	-0.5376997691089209
boy	king	-2.9928400298082765
man	woman	-0.22138993680955577
prince	husband	-3.17585443686446
stepmother	princess	-1.2686245693219513
Tripoli	Libya	None
nephew	stepfather	-3.7303705616377965
Tallinn	Estonia	None
stepmother	daughter	-0.6989122920690957
brother	sister	0.02842326853043768
Tunis	Tunisia	None
stepsister	granddaughter	None
uncle	groom	-3.277836747764033
brothers	sisters	1.2448993771055927
sister	granddaughter	-3.0816644515222635
stepbrother	stepsister	3.1928774567359737
father	brother	-1.1127013664551728
Jacksonville	Florida	None
singing	sang	-2.1004157429135315
Moldova	Israel	-1.9610704622195174
Macedonian	Polish	None
Brazil	Brazilian	None
Poland	Spain	-1.0974241040568136
implement	implementing	-2.932589861844896
Moldova	Moldovan	1.043397398799992
Macedonian	Thai	None
Moldovan	Thai	None
playing	played	-1.286233330442753
Portugal	Portuguese	0.1540402072681141
Peru	Colombia	0.4634719857654973
France	Netherlands	-0.8735356471027438
Swedish	Danish	None
Japan	Japanese	None
melon	melons	0.8789544369739118
easy	easier	-3.179627758606413
China	Chinese	-0.3780869805111747
Austrian	Peruvian	None
Italy	Spain	0.10201966872836331
talk	talks	-3.0900361869309156
Iceland	Chile	None
Australia	Australian	None
Spanish	Chinese	-1.82709852395991
Ireland	Irish	None
Chilean	Danish	None
seeing	saw	-3.6264365642289595
Poland	Israel	-2.342583875046066
play	plays	-3.0697161235150463
Israel	Israeli	None
Bulgaria	Austria	-1.9007628369377905
Macedonian	Maltese	None
Portugal	Korea	None
generate	generating	-2.2071692613073943
Swedish	Polish	None
England	English	-1.5111904810861136
Thailand	Thai	None
Macedonia	China	None
swim	swimming	-0.19807791964539725
Icelandic	Croatian	None
Chilean	Dutch	None
Slovakia	Slovakian	None
paying	paid	-2.082475655967904
Norway	Malta	None
increase	increases	-1.5138450389185727
Moldovan	French	-5.1925980734486386
Slovakia	Moldova	None
Austria	Austrian	-0.38272447807406096
England	Switzerland	-2.6586786225295307
logical	illogical	-0.972130601682066
Icelandic	English	None
Denmark	Danish	0.1651877323783929
England	India	None
Macedonian	Polish	None
Chile	Chilean	None
predict	predicts	-2.9102408818874412
Iceland	Icelandic	None
think	thinking	-2.268740973427955
Moldova	Japan	-3.9963000796828845
Macedonian	Irish	None
Portuguese	Thai	None
old	older	-2.8303475364953674
Poland	Netherlands	-2.2409859542443007
Macedonia	Macedonian	None
Croatia	Croatian	None
Portuguese	Cambodian	None
jumping	jumped	-1.9903742955362107
England	Ukraine	-4.410919973644805
Albania	Albanian	None
typical	typically	-2.740373937761905
Spanish	Swiss	None
Norway	Croatia	-2.918998755120613
Peru	Peruvian	None
onion	onions	0.5645704645928251
France	Netherlands	-0.8735356471027438
Argentinean	Australian	None
Australia	Egypt	-3.5263794118374783
Spanish	Peruvian	None
Russia	Russian	-0.5583087675757294
describe	describing	-3.658433820778241
Germany	German	-0.8492661526236692
mango	mangoes	0.7330990567927617
England	Albania	None
Belorussian	Brazilian	None
Ukrainian	Chinese	None
France	French	-0.77714962214857
selling	sold	-2.02268811529489
Poland	Sweden	-0.8680107219555964
Moldova	Moldova	None
eagle	eagles	-1.4010790018738368
Portuguese	Irish	None
Italy	Italian	-0.6159501559525252
known	unknown	-3.231054726976568
Portuguese	Slovakian	None
Cambodia	Albania	None
Netherlands	Dutch	-0.10135977333786524
Argentina	Argentinean	None
smart	smarter	-0.505894494714697
Bulgarian	Cambodian	None
Cambodia	Ukraine	-3.794585227984565
Spanish	Colombian	None
Cambodia	Cambodian	None
Macedonia	Chile	None
competitive	uncompetitive	-1.8277201938919563
Colombia	Colombian	None
high	highest	-3.2881181880328065
Macedonia	Ireland	None
Japanese	French	None
read	reading	-1.946993578040888
Greece	Greek	-0.03248971407727433
Albanian	Croatian	None
Ireland	Netherlands	-1.1443326202887096
tough	tougher	-1.5161297023595368
Spain	Spanish	-0.40148119543952343
Iceland	Albania	None
Argentinean	Swiss	None
Belarus	Egypt	None
Argentinean	German	None
Sweden	Swedish	None
playing	played	-1.286233330442753
Greek	Chinese	-2.8503514345038283
bright	brighter	-1.9224203423212802
Bulgaria	Egypt	-1.8103497758975324
Mexico	Mexican	None
Bulgarian	Cambodian	None
Ukraine	Ukrainian	None
Italy	Egypt	-2.0992588423506118
logical	illogical	-0.972130601682066
go	going	-3.0116629959072934
Russian	Thai	None
India	Indian	None
Cambodia	Israel	-3.4401135056945535
Moldova	Greece	-1.9723186645466022
read	reading	-1.946993578040888
Norwegian	Brazilian	None
Belarus	Belorussian	None
Thailand	Colombia	-2.867587882956533
Norwegian	Dutch	-2.489993345330992
Switzerland	Swiss	None
comfortable	uncomfortable	-1.8462508435368916
sit	sitting	-2.2031955285946956
Poland	Polish	0.12294251536181514
Austrian	Indian	None
England	Brazil	-3.580816927760859
Cambodia	Japan	-1.579747252507537
Norway	Norwegian	0.2436723582136874
hard	harder	-1.6709162434704388
Albanian	English	-1.568386683817124
Houston	Texas	None
Louisiana	Tennessee	None
Sweden	krona	-2.654772214592013
Mesa	Plano	None
Lexington	Kentucky	None
Tulsa	Miami	None
Colorado	California	None
sons	daughters	2.0421700533588614
king	queen	-0.23172274691618605
Lubbock	Texas	None
Denver	Irving	None
Colorado	Indiana	None
Angola	kwanza	None
Baltimore	Madison	None
Kentucky	Oregon	None
Phoenix	Arizona	None
Argentina	peso	-2.825447702756867
Ohio	Nevada	None
Hialeah	Florida	None
Tallahassee	Garland	None
Florida	Pennsylvania	None
Minneapolis	Minnesota	None
India	rupee	None
Baltimore	Cincinnati	None
Sweden	krona	-2.654772214592013
Michigan	Indiana	None
Oxnard	California	None
Fremont	Bakersfield	None
Alaska	California	None
Indianapolis	Indiana	None
Macedonia	denar	None
Nashville	Honolulu	None
Hawaii	Pennsylvania	None
Seattle	Washington	None
Orlando	Anaheim	None
Croatia	kuna	-1.3621294426615445
Cleveland	Irving	None
Boston	Massachusetts	None
Alaska	Georgia	None
brothers	sisters	1.2448993771055927
Toledo	Ohio	None
Hawaii	Pennsylvania	None
Minneapolis	Memphis	None
grandson	granddaughter	-0.6442278982434718
Pittsburgh	Pennsylvania	None
Alaska	Indiana	None
prince	princess	0.41626926679929666
Wichita	Madison	None
dad	mom	0.514416114111429
Henderson	Fresno	None
Louisiana	Tennessee	None
Mesa	Arizona	None
Romania	leu	-1.898105256170632
Detroit	Michigan	None
Florida	Nevada	None
Plano	Akron	None
Akron	Ohio	None
nephew	niece	0.10442007239398077
Michigan	Wisconsin	None
Tulsa	Madison	None
Canada	dollar	-3.9413517147997745
Tulsa	Oklahoma	None
Nashville	Glendale	None
Nebraska	Kansas	None
Garland	Tampa	None
Nebraska	Pennsylvania	None
Cambodia	riel	None
Nashville	Tennessee	None
Hawaii	Nevada	None
Argentina	peso	-2.825447702756867
Cleveland	Ohio	None
Hialeah	Spokane	None
Colorado	Maryland	None
Wichita	Kansas	None
Pittsburgh	Reno	None
husband	wife	0.2585790864898978
Kentucky	Maryland	None
Scottsdale	Arizona	None
Chicago	Tampa	None
Romania	leu	-1.898105256170632
Tallahassee	Miami	None
prince	princess	0.41626926679929666
Oklahoma	Pennsylvania	None
Modesto	California	None
Hawaii	Nevada	None
Croatia	kuna	-1.3621294426615445
Plano	Texas	None
Chandler	Irving	None
Bulgaria	lev	-3.34600163597791
Oklahoma	Nevada	None
Tallahassee	Florida	None
Orlando	Irvine	None
Indianapolis	Irvine	None
his	her	-2.5087389406992733
Chandler	Arizona	None
Michigan	Oregon	None
Florida	Indiana	None
grandpa	grandma	2.5084444524907945
Mesa	Arizona	None
Omaha	Cincinnati	None
Alaska	Maryland	None
Cleveland	Madison	None
Bulgaria	lev	-3.34600163597791
Huntsville	Alabama	None
Nebraska	Oregon	None
Tacoma	Oxnard	None
Amarillo	Texas	None
Thailand	baht	-0.7899701042071973
Ohio	Massachusetts	None
Detroit	Madison	None
Bakersfield	California	None
Poland	zloty	-3.7263807841203826
Madison	Wisconsin	None
Russia	ruble	-2.7170255776363543
Washington	Kansas	None
Seattle	Sacramento	None
Tacoma	Washington	None
Lubbock	Anaheim	None
Michigan	Georgia	None
Denmark	krone	-1.7564326798549226
Louisiana	Nevada	None
Fremont	California	None
uncle	aunt	0.5916012569354825
Omaha	Garland	None
Milwaukee	Wisconsin	None
Tucson	Spokane	None
Minnesota	Indiana	None
grandson	granddaughter	-0.6442278982434718
Alabama	Illinois	None
Louisville	Kentucky	None
he	she	-3.1528641871979235
Fontana	Akron	None
Romania	leu	-1.898105256170632
Nebraska	Indiana	None
Arlington	Fresno	None
Dallas	Texas	None
Michigan	Wisconsin	None
Tampa	Florida	None
Fremont	Huntsville	None
stepfather	stepmother	-0.48922681811256974
Fremont	Huntsville	None
man	woman	-0.22138993680955577
Alaska	Kansas	None
Glendale	California	None
Ukraine	hryvnia	-0.6597049670406913
Henderson	Nevada	None
Wichita	Atlanta	None
Kentucky	Indiana	None
Minnesota	Texas	None
Shreveport	Louisiana	None
Tacoma	Plano	None
Macedonia	denar	None
Mexico	peso	-2.66691221435148
Tallahassee	Atlanta	None
Glendale	Arizona	None
Ohio	Indiana	None
he	she	-3.1528641871979235
Indianapolis	Madison	None
Reno	Nevada	None
Michigan	Kansas	None
Louisiana	Pennsylvania	None
his	her	-2.5087389406992733
Anaheim	California	None
Tallahassee	Austin	None
Hawaii	Arizona	None
Memphis	Tennessee	None
Cleveland	Dallas	None
Malaysia	ringgit	None
Ohio	Arizona	None
Indianapolis	Tampa	None
Baltimore	Maryland	None
grandfather	grandmother	-0.15822161726296213
Mesa	Memphis	None
Michigan	Indiana	None
grandson	granddaughter	-0.6442278982434718
Cincinnati	Ohio	None
Oklahoma	Indiana	None
policeman	policewoman	-0.563347599654197
Boston	Garland	None
Laredo	Texas	None
Wichita	Irving	None
Oklahoma	California	None
Argentina	peso	-2.825447702756867
Austin	Texas	None
policeman	policewoman	-0.563347599654197
Tulsa	Madison	None
Hawaii	Wisconsin	None
Spokane	Washington	None
Philadelphia	Pennsylvania	None
Washington	Massachusetts	None
Arlington	Irvine	None
Mexico	peso	-2.66691221435148
Nebraska	Texas	None
Hialeah	Oxnard	None
Worcester	Massachusetts	None
Japan	yen	-2.4042457303699
Akron	Ohio	None
Toledo	Shreveport	None
Minnesota	Massachusetts	None
brothers	sisters	1.2448993771055927
Portland	Louisville	None
Jacksonville	Florida	None
Denmark	krone	-1.7564326798549226
Alabama	Georgia	None
Henderson	Anaheim	None
Nebraska	Kansas	None
Atlanta	Georgia	None
India	rupee	None
Chicago	Illinois	None
Minnesota	Pennsylvania	None
Portland	Phoenix	None
Japan	yen	-2.4042457303699
Modesto	Irving	None
policeman	policewoman	-0.563347599654197
Washington	Indiana	None
Tucson	Arizona	None
Portland	Oregon	None
father	mother	-0.10540996521207602
Seattle	Honolulu	None
Ohio	Nevada	None
Baltimore	Stockton	None
Bulgaria	lev	-3.34600163597791
Minnesota	Illinois	None
Arlington	Texas	None
Irving	Texas	None
Pittsburgh	Shreveport	None
Vietnam	dong	-1.4503423069046446
Nebraska	Pennsylvania	None
Florida	Pennsylvania	None
Omaha	Nebraska	None
brothers	sisters	1.2448993771055927
Hialeah	Huntsville	None
Denver	Colorado	None
Tucson	Akron	None
Poland	zloty	-3.7263807841203826
California	Arizona	None
Fresno	California	None
Oklahoma	Illinois	None
prince	princess	0.41626926679929666
Minneapolis	Dallas	None
Orlando	Florida	None
Washington	Indiana	None
Seattle	Scottsdale	None
uncle	aunt	0.5916012569354825
Miami	Florida	None
Ohio	Georgia	None
Modesto	Bakersfield	None
Vietnam	dong	-1.4503423069046446
Mexico	Sweden	-2.9320791331847453
Canberra	Australia	1.165522258001759
lats	naira	None
Croatia	kuna	-1.3621294426615445
rial	ruble	None
Glendale	California	None
Romania	India	None
Hungary	forint	-0.9800726255698248
USA	Poland	-3.3042549315238388
Nigeria	naira	-0.8618154853088814
lev	leu	-1.60933290115242
Berlin	Germany	0.8394596221116364
Berlin	Germany	0.8394596221116364
Thailand	Malaysia	None
riel	peso	None
Korea	won	None
Belmopan	Belize	None
Argentina	peso	-2.825447702756867
riel	ringgit	None
Latvia	Sweden	None
Bulgaria	Croatia	0.4130668595504528
uncle	aunt	0.5916012569354825
yen	zloty	None
India	rupee	None
ringgit	denar	None
Vietnam	Japan	-1.9507473291856594
Angola	kwanza	None
Austin	Texas	None
Ukraine	hryvnia	-0.6597049670406913
Bulgaria	India	None
uncle	aunt	0.5916012569354825
dong	ruble	None
Oslo	Norway	2.347404863080895
Poland	Poland	None
lev	leu	-1.60933290115242
Algeria	dinar	None
Latvia	Ukraine	None
Brazil	real	-4.167482084959392
Spokane	Washington	None
hryvnia	peso	None
kwanza	baht	None
policeman	policewoman	-0.563347599654197
Armenia	dram	None
Bulgaria	Macedonia	None
Thailand	baht	-0.7899701042071973
Dallas	Texas	None
rial	zloty	None
Macedonia	Angola	None
Malaysia	ringgit	None
Romania	Brazil	-2.8223353843716605
yen	forint	None
Tampa	Florida	None
yen	peso	-2.2895893752888794
Bulgaria	Malaysia	None
Bern	Switzerland	2.5423513387887002
Lithuania	litas	None
rupee	ruble	-1.5007202762773686
Mexico	peso	-2.66691221435148
Canada	Macedonia	None
Moscow	Russia	1.3052458570268914
stepson	stepdaughter	2.069306558677772
Vietnam	dong	-1.4503423069046446
riel	euro	None
Romania	Sweden	-0.9414657605447609
krone	peso	-0.5344151369901471
Havana	Cuba	3.2830431428969806
Algeria	Iran	None
Latvia	lats	None
kuna	leu	None
grandpa	grandma	2.5084444524907945
Romania	Angola	None
Europe	euro	None
Cleveland	Ohio	None
Lithuania	Poland	None
Bulgaria	lev	-3.34600163597791
riel	dinar	None
yen	won	-2.614155200132989
USA	dollar	-4.188963971892882
he	she	-3.1528641871979235
Europe	India	None
Havana	Cuba	3.2830431428969806
krone	dinar	0.8117835228945118
Macedonia	denar	None
Hungary	Nigeria	-3.5727611358267435
litas	peso	None
grandson	granddaughter	-0.6442278982434718
Iran	rial	-2.1617337966529044
Thailand	Macedonia	None
Hungary	Japan	-1.4893594653246527
Canada	dollar	-3.9413517147997745
kuna	leu	None
king	queen	-0.23172274691618605
dollar	lev	-5.062247004811117
Madrid	Spain	1.7035064774650557
Bulgaria	Croatia	0.4130668595504528
Sweden	krona	-2.654772214592013
Kampala	Uganda	None
litas	dram	None
Poland	zloty	-3.7263807841203826
Latvia	Japan	None
kuna	euro	3.111083929402577
Cairo	Egypt	2.3262987971194815
USA	Croatia	-3.8281696313110283
Japan	yen	-2.4042457303699
Macedonia	Angola	None
Cambodia	riel	None
Kathmandu	Nepal	None
hryvnia	dram	None
sitting	sat	-3.1495113039489993
sing	walk	-3.1939390551592255
sits	listens	-1.0005575113348195
implement	implements	-3.473467140511363
shuffles	listens	None
sit	sits	-3.2417964990331587
eat	scream	-4.79166537340039
looking	looked	-3.583301080170509
goes	swims	-4.092150112347644
estimate	estimates	-1.3107417836320032
sit	see	-3.147989432131283
safe	safer	-2.4289591529866503
work	works	-2.9330123103945183
eat	slow	-3.911366052137454
increases	predicts	None
productive	unproductive	0.36692928983995626
speaks	plays	-3.7619495874969275
think	describe	-4.049568431842193
shuffle	shuffling	0.8361112284691373
slow	slows	-2.857333224803073
writes	listens	-4.329761985549099
think	thinks	-2.4534174389491037
generate	say	-6.8494931618305035
writing	wrote	-1.6344544824182141
lion	lions	-1.0085648793914603
sing	vanish	None
write	writes	-2.9872486494820714
screams	listens	-2.4684204845004576
decreases	eats	None
find	finds	-3.0223733932090857
describe	see	-3.1715244134315226
bird	birds	-0.8294922694283743
go	search	-1.842825683884898
say	says	-2.583041224763029
decreases	estimates	-3.716955353127063
pear	pears	0.7664004567746165
Slovakia	Slovakian	None
enhance	enhances	-4.279355191869556
speaks	sees	-2.1725965911588347
decrease	slow	-2.996180444622378
sure	unsure	-3.500300160486174
decrease	decreases	-1.2810379183970813
enhance	see	-3.56769690739763
goes	estimates	-5.27789764253739
scream	screams	-1.4541505344033498
big	biggest	-3.3106730047416613
generate	find	-3.7834787031945427
speaks	describes	-3.3901829345463392
enhance	scream	None
decreases	talks	None
provide	provides	-3.940619260155596
Ireland	Irish	None
provide	scream	-6.463933070510605
decreases	walks	None
fly	flying	-1.54878497519369
swim	swims	-0.8259557820797686
walk	walks	-2.335163073461559
enhances	predicts	None
most	mostly	-4.337588428151884
go	play	-1.7310956715029011
play	plays	-3.0697161235150463
decrease	increase	0.4281419734918564
speaks	walks	-3.0165685884774263
woman	women	-2.3772217212852915
talk	talks	-3.0900361869309156
Moldova	Moldovan	1.043397398799992
goes	describes	-4.450896044402169
think	see	-2.2505857702111345
efficient	efficiently	-3.7426034605692178
decreases	listens	None
sit	slow	-3.8829819542775943
generate	generates	-2.5210183861920563
look	looking	-2.951169351027696
increase	increases	-1.5138450389185727
provide	predict	-5.020607218442143
writes	talks	-3.671622578228796
enhance	predict	-3.534572975556337
warm	warmest	-1.6420691520235742
vanish	vanishes	0.29789590535219157
decreases	shuffles	None
eat	swim	-2.9089393322972685
rapid	rapidly	-3.4388038123390197
describe	describes	-3.6436936148213315
provides	plays	-4.6255999903638
sing	see	-3.7903196922791333
decreasing	decreased	-1.5535350058534583
provides	estimates	-2.9740314483253374
search	searches	-1.0738543395514497
pleasant	unpleasant	0.5882629282362755
sing	sings	-2.4638853795215807
provide	vanish	None
enhances	walks	None
sleeping	slept	-1.312006095711543
searches	shuffles	None
work	describe	-4.939432116168121
speak	speaks	-1.178717037333946
provide	search	-2.8750889876253476
listen	listens	-2.8969931411540637
speaks	eats	-3.373422211517838
efficient	efficiently	-3.7426034605692178
cloud	clouds	-0.32186328840819295
sits	estimates	None
sing	scream	-3.9489905761543356
eat	eats	-1.5184824335502565
shuffles	predicts	None
see	sees	-4.215103774747239
write	walk	-4.7269496742477894
fortunate	unfortunate	-0.07648802087400093
immediate	immediately	-3.3569655688579685
apparent	sudden	-3.3771395989759276
selling	sold	-2.02268811529489
rarely	infrequently	-2.977954941214834
rare	rarely	-3.3997805536222874
professionally	infrequently	None
precise	safe	-3.6442367298287373
England	English	-1.5111904810861136
fast	faster	-1.489444488722532
happy	usual	-4.101280458981378
most	mostly	-4.337588428151884
immediately	amazingly	-5.304047152918791
rapid	rapidly	-3.4388038123390197
eagle	eagles	-1.4010790018738368
furious	complete	-3.7863936907331963
typically	amazingly	None
child	children	-1.0251204077297296
furiously	unfortunately	None
reluctant	immediate	-4.698865407005258
lucky	luckily	-3.0489574885168427
infrequent	infrequently	None
efficiently	safely	-0.09202129119147931
fortunate	fortunate	None
tall	tallest	-0.05477074291336721
slow	slowly	-2.8131860879015793
hitting	hit	-1.8215303808667556
quietly	luckily	None
cheerful	calm	-1.5607397304817399
swiftly	reluctantly	-3.982910060935192
fortunate	rapid	-4.624555319060511
rational	irrational	1.7597123846511766
apparent	apparently	-4.205726604204243
young	youngest	-4.153993431766437
cheerful	lucky	-2.5024355118631227
precisely	fortunately	None
quick	quickly	-2.7367316722925525
typical	typically	-2.740373937761905
precisely	occasionally	-5.068157892944079
Austria	Austrian	-0.38272447807406096
unfortunate	sudden	None
tight	tighter	-2.9301949339760327
efficiently	slowly	-3.0915396887003053
free	freely	-3.4060140687266496
amazing	sudden	-5.2894461360360125
professionally	luckily	None
fast	faster	-1.489444488722532
quiet	quietly	-3.7808869110333934
cheerful	fortunate	None
swift	swiftly	-5.271073866803735
paying	paid	-2.082475655967904
fortunate	lucky	-1.0443495367074147
furiously	fortunately	None
possible	possibly	-3.7368044049714073
safe	safer	-2.4289591529866503
apparently	rapidly	-4.273426936125632
amazing	complete	-3.58240379049974
usual	usually	-2.8492262133322095
quickly	luckily	-6.003084793644823
convincing	unconvincing	-3.710941796168481
professional	occasional	-4.513989276747204
professionally	efficiently	-2.54172998917621
dollar	dollars	-0.4174142373514091
fortunate	complete	-2.857532577982863
obvious	obviously	-4.0542342312805255
calmly	occasionally	-3.816707517268406
infrequent	immediate	-3.6347500528132937
furious	furiously	None
sharp	sharpest	-2.6448237141202267
calm	calmly	-2.622914995845432
happy	fortunate	-2.946777919211482
swiftly	infrequently	None
fortunate	unfortunate	-0.07648802087400093
rarely	occasionally	-2.4757924828994216
professional	professionally	-3.1286793712187593
infrequent	lucky	None
weird	weirdest	None
precise	lucky	None
immediately	happily	-5.7720453445637
cheerful	cheerfully	-1.4257424644616532
bad	worse	0.15655069146204614
high	higher	-2.743471013171365
unfortunate	unfortunately	None
infrequent	rare	-1.299600810053155
suddenly	reluctantly	-5.301827260253644
professionally	infrequently	None
happy	sudden	-3.7610498079725128
occasional	occasionally	-3.8830357170157
looking	looked	-3.583301080170509
amazing	lucky	-3.6863596010006647
typically	slowly	-3.327659538095385
fortunate	fortunately	-1.8554827840032262
swim	swims	-0.8259557820797686
cheerfully	slowly	-2.3967185279893957
most	calm	-5.423098853486307
eye	eyes	-1.619717537866416
safe	safely	-3.693324925620691
unfortunate	safe	-4.507782691959419
rarely	fortunately	None
precise	precisely	-2.5522299249366553
write	writing	-2.5455853695155453
swiftly	infrequently	None
most	usual	-5.198233918518624
swim	swims	-0.8259557820797686
sudden	suddenly	-2.549674204422724
serious	seriously	-3.1698987482403336
furious	calm	-3.0317021067518293
apparently	infrequently	-5.300198558349973
generate	generates	-2.5210183861920563
Chile	Chilean	None
unfortunate	usual	None
happy	happily	-3.295185208165951
quickly	slowly	-2.716911820331002
decided	undecided	-4.3114919720773
most	lucky	-5.724319643690796
professionally	occasionally	-3.437498293682857
complete	completely	-3.7812873953948762
Moscow	Russia	1.3052458570268914
Cambodia	riel	None
Canberra	Athens	-6.033101496744036
Australia	Japan	-1.4114352847813467
Egypt	Finland	-1.6878964766489666
Ottawa	Canada	0.8852738749813592
grandfather	grandmother	-0.15822161726296213
Cairo	Islamabad	-2.5253587868379173
Stockholm	Sweden	2.4305283388802628
Islamabad	Hanoi	-2.2681801774992465
France	Greece	-1.0760439999178615
Brazil	real	-4.167482084959392
Germany	Sweden	-0.9856927153750596
Japan	yen	-2.4042457303699
Rome	Madrid	-1.7867151198191398
Islamabad	Pakistan	2.5124111858349627
son	daughter	-0.2993988876130911
Helsinki	Beijing	-3.3633276177155533
Germany	China	-2.3445444596436853
Rome	Italy	0.8969637039157219
Moscow	Berlin	-2.0445382459336745
Iran	rial	-2.1617337966529044
Hanoi	Vietnam	2.2697198000100682
England	China	-3.784170045539518
groom	bride	2.1600129415089886
Madrid	Spain	1.7035064774650557
Helsinki	Athens	-2.9653988785209244
Norway	Greece	-2.0324902048008147
Paris	Stockholm	-2.29724889091751
stepbrother	stepsister	3.1928774567359737
Bern	Switzerland	2.5423513387887002
England	Afghanistan	-5.798391433007206
his	her	-2.5087389406992733
Norway	Iran	-4.261874993195704
Havana	Tehran	None
Kabul	Afghanistan	2.523039681363772
Rome	Beijing	-3.536057805913722
Australia	Sweden	-2.597085479126217
Bangkok	Thailand	3.110285682131617
he	she	-3.1528641871979235
Paris	France	0.7782628778034253
father	mother	-0.10540996521207602
Australia	Greece	-3.13763512073672
Rome	Hanoi	None
Macedonia	denar	None
Berlin	Germany	0.8394596221116364
France	Greece	-1.0760439999178615
Canberra	Rome	-5.238743077910015
husband	wife	0.2585790864898978
Baghdad	Hanoi	None
France	Finland	-2.402912676287212
Beijing	China	1.6027558164862863
Bangkok	Ottawa	-5.077463234901576
Tehran	Iran	2.797860944205461
Sweden	krona	-2.654772214592013
Iraq	Egypt	-1.0663944754458872
Italy	Russia	-1.142144812504791
Paris	Stockholm	-2.29724889091751
Athens	Greece	2.1749209664449802
husband	wife	0.2585790864898978
Iraq	Pakistan	-1.5390563486592048
Moscow	Stockholm	-2.9227835203061763
Canberra	Australia	1.165522258001759
Thailand	baht	-0.7899701042071973
Lithuania	litas	None
Canberra	Madrid	-3.3381687261308612
Switzerland	Russia	-1.6495100608906295
London	England	0.004401376270143348
Iraq	Afghanistan	1.4846143615647547
Moscow	Beijing	-1.5832381814658976
Tokyo	Japan	2.070919795891391
Denmark	krone	-1.7564326798549226
Australia	Afghanistan	-4.32872126894353
Paris	Athens	-2.9541100909980367
Cairo	Egypt	2.3262987971194815
Europe	euro	None
Canada	Switzerland	-2.3805620742742595
Oslo	Berlin	-2.28904303590906
Helsinki	Finland	2.8669171927356594
man	woman	-0.22138993680955577
man	woman	-0.22138993680955577
London	Ottawa	-3.6094568372783677
Italy	Egypt	-2.0992588423506118
Oslo	Norway	2.347404863080895
paying	paid	-2.082475655967904
reading	thinking	-2.6568458072955257
go	going	-3.0116629959072934
look	run	-3.8509138817434243
look	looking	-2.951169351027696
Brazil	Brazilian	None
write	swim	-5.775511303067409
slowing	singing	-3.8337401137964555
read	swim	-6.508006966239893
small	smallest	-4.090141221032772
decrease	decreasing	-0.7360131192286401
slowing	singing	-3.8337401137964555
cold	colder	-2.205407363512222
invent	swim	None
vanish	vanishing	-1.113150612431271
discovering	screaming	None
loud	louder	-0.8240063566788297
scream	screaming	-1.6138997462503915
generating	predicting	None
implement	run	-3.779457509419602
implementing	implemented	-2.480356164293789
reading	increasing	-4.588492121066934
code	coding	-1.7435726150917565
generate	discover	-4.938712850116855
Australia	Australian	None
go	code	-4.309276836777417
write	writing	-2.5455853695155453
vanishing	thinking	-4.060539785637649
decrease	walk	None
sit	sitting	-2.2031955285946956
smart	smarter	-0.505894494714697
discovering	swimming	-4.651459894664171
swim	swimming	-0.19807791964539725
rat	rats	0.02746882615071997
vanishing	sitting	None
sit	code	None
decreasing	screaming	None
generate	generating	-2.2071692613073943
simple	simpler	-3.0988437013050047
listen	walk	-4.275213273450878
cow	cows	-0.27944219936105463
writing	sitting	-4.797583587349183
listen	vanish	None
sing	singing	-2.077199235993388
play	playing	-2.78567936611947
sit	code	None
inventing	thinking	-4.477098914465292
cold	coldest	-2.6045405034759286
shuffle	shuffling	0.8361112284691373
inventing	playing	-3.1993186035852674
cold	coldest	-2.6045405034759286
describe	code	-3.6254018213505677
say	saying	-3.0334600466931336
look	debug	None
Macedonia	Macedonian	None
slowing	inventing	None
describing	predicting	-2.5979030282207725
Switzerland	Swiss	None
enhance	run	-6.197962593034413
move	moving	-2.7853423839055456
describe	describing	-3.658433820778241
going	screaming	-4.596484694361399
Italy	Italian	-0.6159501559525252
dance	fly	-3.696205226209978
quiet	quietly	-3.7808869110333934
slow	slowing	-2.9611571231509832
invent	swim	None
generating	listening	None
read	reading	-1.946993578040888
play	slow	-4.218091831120143
old	oldest	-2.6219417813036117
shuffling	sitting	-2.1182807015245704
run	running	-2.0174486553041335
writing	swimming	-6.823868465686844
write	predict	-6.429793473263319
shrinking	shrank	None
discovering	enhancing	-3.8314165259830015
generate	describe	-4.133971773295591
slowing	slowed	-1.724771815127807
see	seeing	-4.763826534191781
vanishing	sitting	None
implement	implementing	-2.932589861844896
invent	debug	None
Greece	Greek	-0.03248971407727433
think	say	-1.3788041473011314
shuffling	enhancing	None
usual	usually	-2.8492262133322095
discover	discovering	-3.891414318872003
implement	say	-4.781824643957996
shuffling	seeing	None
predict	predicting	-1.9322826718746806
go	goes	-2.872749660938671
slowing	enhancing	-3.4232064593119547
thinking	thought	-1.9590506587446928
jump	jumping	-0.842095970222094
listen	say	-1.3044636464625499
invent	inventing	None
think	slow	-4.375849397610961
shuffle	shuffles	-0.18702979330382494
decreasing	playing	-4.846399940579083
reading	looking	-3.6315492809791814
fly	flying	-1.54878497519369
generate	scream	-5.587878447430245
Cambodia	Cambodian	None
slow	slows	-2.857333224803073
listen	listening	-1.8698228823163838
writing	playing	-2.7861132665998984
describe	discover	-5.524874715388897
walk	walking	-1.50967214477315
shuffling	inventing	None
good	best	-2.8345634932358195
look	swim	-5.765163615180674
sing	run	-4.269060817243124
generating	dancing	None
cold	colder	-2.205407363512222
increase	increasing	-1.5748329643775583
think	walk	-3.790789530296744
China	Chinese	-0.3780869805111747
going	seeing	-3.333312300036918
enhance	enhancing	-3.8478184260460346
dogs	colors	-3.8782065785162714
cool	coolest	-2.5317588355159337
cow	cows	-0.27944219936105463
woman	goat	-4.859016125882521
easy	easier	-3.179627758606413
monkeys	pears	None
bird	birds	-0.8294922694283743
woman	car	-2.796152226458068
dollars	computers	-4.160066551233589
onion	eye	-3.1984237940468185
dream	dreams	-1.2547491569109515
screaming	screamed	-3.345058421394384
men	birds	-5.096678813146143
informed	uninformed	-1.8793794678077589
goat	finger	None
pear	pears	0.7664004567746165
bottle	child	-3.911903436845569
eyes	dreams	-3.130128571591871
listen	listening	-1.8698228823163838
melon	melons	0.8789544369739118
bananas	horses	None
machine	pig	-4.599586282727665
weird	weirdest	None
snake	snakes	0.21350375377496453
children	cars	-4.7797669238986975
Russia	Russian	-0.5583087675757294
color	eye	-2.570318694963484
woman	women	-2.3772217212852915
eagle	eagles	-1.4010790018738368
write	writing	-2.5455853695155453
eyes	pigs	-4.788192088708644
mango	cloud	-4.321895934247842
horse	horses	-0.6365052406312101
swimming	swam	-1.2504925838342853
dollars	goats	None
dollar	mouse	None
mangoes	eagles	None
color	colors	-0.9777934803529014
hiding	hid	-3.349336753563213
lion	donkey	-2.639695030847433
woman	melon	-6.5719681248003505
pineapple	pineapples	0.38404969172899894
estimate	estimates	-1.3107417836320032
roads	computers	-5.673988465411026
convincing	unconvincing	-3.710941796168481
dogs	hands	-4.2031030015761575
lion	dream	-4.823946773012695
car	cars	-0.9299835973321573
quick	quicker	-2.2485277267523665
elephant	elephants	0.2769969476214228
cats	donkeys	-1.4304652188214613
lion	horse	-2.1203760885784555
melon	pig	-2.2408935875471325
pears	birds	None
finger	fingers	0.08884857250238486
weak	weakest	-2.733646418199254
lion	eye	-3.546260703434798
dogs	cows	-1.1923581638677876
hot	hotter	-2.5870809715629877
child	children	-1.0251204077297296
mouse	mice	-0.3339285878447223
bottle	finger	-4.821152330098184
efficient	efficiently	-3.7426034605692178
melons	elephants	None
productive	unproductive	0.36692928983995626
onion	onions	0.5645704645928251
fingers	dreams	-5.759360819593589
goat	melon	None
bananas	computers	None
melon	child	None
lion	lions	-1.0085648793914603
generating	generated	-1.7260846944244574
building	donkey	-7.638499714797146
bottles	cows	-4.4630002556916
rat	rats	0.02746882615071997
France	French	-0.77714962214857
banana	bananas	0.11166662608472754
Sweden	Swedish	None
onion	elephant	None
fingers	pineapples	None
hand	hands	-2.513736782002936
scream	screaming	-1.6138997462503915
color	dog	-4.23493378750422
eyes	donkeys	None
lion	pineapple	None
low	lowest	-2.575006154184338
road	roads	-1.5428323495793344
mice	onions	None
rat	elephant	-2.486927875176167
mangoes	dreams	None
speak	speaks	-1.178717037333946
bottle	bottles	-0.3755684676103541
pears	pineapples	0.6675887213116568
bottle	car	-2.6942020862876155
dollar	dollars	-0.4174142373514091
scream	screaming	-1.6138997462503915
color	cloud	-4.664929641452423
mice	pineapples	None
dog	dogs	-0.2157668311724433
sit	sits	-3.2417964990331587
goat	goats	-0.05728828522488554
woman	pear	-6.374338986776448
bottles	cars	-3.1536130188089238
possibly	impossibly	None
man	men	-2.8950033594036335
monkey	horse	-2.164317915069942
bottles	eagles	None
rapid	rapidly	-3.4388038123390197
machine	donkey	-4.664780886633711
cat	cats	-0.33771521468805143
lucky	luckily	-3.0489574885168427
dollars	onions	-5.231368211616036
building	buildings	-1.9261969420657021
rats	dreams	-4.857262035136214
machine	eye	-4.543338745934259
cheap	cheaper	-1.8251436983733342
cloud	clouds	-0.32186328840819295
onion	elephant	None
mice	dreams	-5.087338152214487
Denmark	Danish	0.1651877323783929
smart	smartest	-3.6467756703545393
cow	pineapple	None
eye	eyes	-1.619717537866416
buildings	cars	-3.3877319416382137
monkey	monkeys	0.28671259606923283
machine	dream	-4.227769362984183
implementing	implemented	-2.480356164293789
rats	elephants	-3.0246039302834906
pig	pigs	0.03661740598560325
responsible	irresponsible	-3.114887542220974
clouds	cars	-4.788074280209007
man	dream	-2.827393392678311
fingers	pears	-3.0640160038445288
onion	bird	-3.741794968647808
thinking	thought	-1.9590506587446928
computer	computers	-0.8364802761749571
bright	brighter	-1.9224203423212802
cool	cooler	-1.669845594297329
large	larger	-3.109560814855705
informed	uninformed	-1.8793794678077589
honest	dishonest	-0.05451968887337601
Belmopan	Belize	None
Mogadishu	Somalia	None
Baku	Azerbaijan	None
Tunis	Tunisia	None
Vienna	Austria	1.8520680087012438
Manila	Philippines	2.0070841860665354
Caracas	Venezuela	None
Lisbon	Portugal	2.293746050233882
Riga	Latvia	None
good	best	-2.8345634932358195
strong	strongest	-3.6315806627538723
sharp	sharpest	-2.6448237141202267
slowing	slowed	-1.724771815127807
looking	looked	-3.583301080170509
going	went	-3.4199438951431533
spending	spent	-3.4487792662034105
son	daughter	-0.2993988876130911
dad	mom	0.514416114111429
Denmark	Danish	0.1651877323783929
Brazil	Brazilian	None
Japan	Japanese	None
Macedonia	Macedonian	None
Anaheim	California	None
Cincinnati	Ohio	None
Lexington	Kentucky	None
Tulsa	Oklahoma	None
Irvine	California	None
Garland	Texas	None
Romania	leu	-1.898105256170632
Poland	zloty	-3.7263807841203826
Croatia	kuna	-1.3621294426615445
generate	generates	-2.5210183861920563
play	plays	-3.0697161235150463
see	sees	-4.215103774747239
rare	rarely	-3.3997805536222874
usual	usually	-2.8492262133322095
complete	completely	-3.7812873953948762
Athens	Greece	2.1749209664449802
Hanoi	Vietnam	2.2697198000100682
swim	swimming	-0.19807791964539725
dance	dancing	-0.9501873624720977
code	coding	-1.7435726150917565
dollar	dollars	-0.4174142373514091
lion	lions	-1.0085648793914603
machine	machines	-1.013644265371288
faster	longer	-1.2640238842418898
big	easy	-3.4541923447901297
cheap	cheaper	-1.8251436983733342
tasteful	distasteful	None
amazing	amazingly	None
deep	deeper	-1.997963095133669
long	hot	-2.9531008677833808
lower	quicker	-4.285600527010829
younger	weaker	-3.0374601870320164
long	longer	-2.7857930391024457
strong	low	-2.8727501830298268
rapid	rapidly	-3.4388038123390197
known	unknown	-3.231054726976568
unfortunate	unpleasant	None
honest	acceptable	-3.0552974866184854
new	newer	-4.970989441870501
impressive	unimpressive	-3.6195270159785964
tasteful	aware	None
unreasonable	distasteful	None
pear	pears	0.7664004567746165
Japan	yen	-2.4042457303699
Berlin	Germany	0.8394596221116364
Cairo	Banjul	None
Laos	Albania	None
Belgium	Syria	-4.9817527936124115
Monrovia	Liberia	None
Conakry	Lisbon	None
prince	princess	0.41626926679929666
Helsinki	Bratislava	None
Cambodia	riel	None
Ireland	England	-1.2887335879487534
Bamako	Mali	None
husband	wife	0.2585790864898978
Podgorica	Bishkek	None
Vaduz	Liechtenstein	None
France	Bhutan	None
Hanoi	Apia	None
he	she	-3.1528641871979235
Iran	Cuba	-2.7161670362032657
Vientiane	Laos	None
Serbia	Albania	None
Maputo	Mozambique	None
Bulgaria	lev	-3.34600163597791
Dublin	Roseau	None
Chisinau	Moldova	None
nephew	niece	0.10442007239398077
Philippines	Eritrea	None
Khartoum	Paramaribo	None
Nigeria	naira	-0.8618154853088814
London	Stockholm	-2.841814879734089
Ljubljana	Slovenia	None
Laos	Russia	None
Tehran	Amman	-4.044172308965003
Mozambique	Bulgaria	-3.410399568737986
Rome	Italy	0.8969637039157219
grandpa	grandma	2.5084444524907945
tallest	quickest	None
quick	wide	-3.3510088646467096
great	greatest	-3.829968890007012
eagle	eagles	-1.4010790018738368
fortunate	fortunately	-1.8554827840032262
tall	great	-3.121343626897346
coolest	darkest	None
sweet	sweetest	-1.9915126630489048
enhancing	enhanced	-2.9874291722444077
lowest	worst	-1.8148375900535336
long	cold	-2.3895718410734363
simple	simplest	-2.2417487732709134
spending	spent	-3.4487792662034105
taking	enhancing	-3.6359468060482163
read	saw	-3.710833128348886
building	buildings	-1.9261969420657021
moving	moved	-3.6660762833999385
new	newer	-4.970989441870501
said	flew	-4.774941049399342
decreasing	screaming	None
hiding	hid	-3.349336753563213
thought	slept	-4.0734197056503945
vanishing	walking	None
amazing	amazingly	None
screamed	jumped	-1.3762611592683596
selling	swimming	-5.755435899295539
listen	listening	-1.8698228823163838
striking	struck	-2.6737076410896083
stepsister	policewoman	None
Miami	Florida	None
man	king	-2.821910421922505
sons	daughters	2.0421700533588614
father	mother	-0.10540996521207602
sons	grandfather	-2.9511165600255236
stepmother	daughters	-0.864330561699659
Paramaribo	Suriname	None
Austrian	Brazilian	None
weak	weaker	-1.6883829551008032
Cambodia	Switzerland	-4.122539187362676
Egypt	Egyptian	None
Ireland	Chile	-3.976543712409089
Bulgaria	Bulgarian	None
Ukrainian	Australian	None
jump	jumping	-0.842095970222094
Germany	Albania	None
Korea	Korean	None
Argentinean	English	None
play	playing	-2.78567936611947
Japanese	Colombian	None
Denmark	Moldova	-3.5274622424111772
code	coding	-1.7435726150917565
Malta	Maltese	None
Cleveland	Memphis	None
Kentucky	Arizona	None
grandpa	grandma	2.5084444524907945
Honolulu	Hawaii	None
Anchorage	Alaska	None
Hialeah	Shreveport	None
he	she	-3.1528641871979235
Alabama	Indiana	None
Nevada	Nevada	None
groom	bride	2.1600129415089886
Stockton	California	None
Henderson	Atlanta	None
stepson	stepdaughter	2.069306558677772
Pittsburgh	Memphis	None
Oakland	California	None
Nevada	Wisconsin	None
Spokane	Washington	None
Tacoma	Akron	None
Nebraska	Massachusetts	None
Hungary	forint	-0.9800726255698248
Indianapolis	Cincinnati	None
Glendale	Arizona	None
Armenia	dram	None
Michigan	Georgia	None
Russia	ruble	-2.7170255776363543
kwanza	ringgit	None
Europe	Ukraine	None
Havana	Cuba	3.2830431428969806
rupee	lev	None
Vietnam	Ukraine	-3.470056348484323
Romania	leu	-1.898105256170632
Algiers	Algeria	None
Cambodia	Sweden	-4.1918395870337415
Denmark	krone	-1.7564326798549226
policeman	policewoman	-0.563347599654197
litas	won	None
eat	vanish	-4.910044484030372
go	goes	-2.872749660938671
enhances	eats	None
swift	swiftly	-5.271073866803735
predict	predicts	-2.9102408818874412
generates	sees	-5.3389616991429705
furious	furiously	None
provide	find	-4.4828656008676955
shuffle	shuffles	-0.18702979330382494
says	eats	-3.6573113800376387
enhance	vanish	None
old	older	-2.8303475364953674
quietly	unfortunately	None
precise	complete	-3.163965281328487
reluctant	reluctantly	-5.295952301299485
read	reading	-1.946993578040888
quick	serious	-3.399902942738033
amazing	amazingly	None
professionally	safely	-3.2549093411427283
Egypt	Egyptian	None
fortunate	safe	-3.42724908683504
efficient	efficiently	-3.7426034605692178
possibly	amazingly	None
invent	inventing	None
dad	mom	0.514416114111429
Baghdad	Iraq	2.169157981707328
Switzerland	Finland	-1.303652134670112
Cairo	Madrid	-2.4635863497277457
uncle	aunt	0.5916012569354825
Thailand	Afghanistan	-2.953092011796351
Havana	Cuba	3.2830431428969806
Oslo	Kabul	None
look	fly	-4.313736251814048
think	thinking	-2.268740973427955
describing	singing	-3.9545679672302656
occasional	occasionally	-3.8830357170157
generating	flying	None
enhance	vanish	None
debug	debugging	0.6259987715456078
Colombia	Colombian	None
paying	paid	-2.082475655967904
inventing	screaming	None
dance	dancing	-0.9501873624720977
write	slow	-4.848557175803492
donkey	donkeys	-0.26111929818294966
woman	pear	-6.374338986776448
fingers	machines	-4.453800796954375
honest	dishonest	-0.05451968887337601
Albania	Albanian	None
rats	women	-4.119162463099606
dollar	elephant	-3.9887232750876223
machine	machines	-1.013644265371288
see	sees	-4.215103774747239
pigs	cows	1.2194585791370507
mango	mangoes	0.7330990567927617
cat	donkey	-3.379468700180847
