strong	stronger	1.9759356368621526
simple	simpler	2.1622955505379173
low	lower	1.2480281463363239
heavy	heavier	2.428508985127388
high	higher	0.9219136255858076
tight	tighter	2.975813483507302
sharp	sharper	3.448142029901124
loud	louder	5.0906358646386805
safe	safer	2.8744297114126276
bad	worse	5.020629693927235
good	better	1.7095470062897056
short	shorter	1.3307987021101741
hot	hotter	3.4134840777823463
cold	colder	3.4421571727689986
tall	taller	4.85852944810405
weak	weaker	3.6279958094358653
wide	wider	1.845358265313254
smart	smarter	5.582892209581044
long	longer	1.071810351521667
deep	deeper	2.9350219834311133
slow	slower	3.3268397011900173
old	older	0.8590228670595285
small	smaller	0.6585919526057649
great	greater	-0.0030617980729487097
quick	quicker	3.3690857098638234
hard	harder	3.429018554328219
new	newer	-0.14008316657443795
cheap	cheaper	3.321469047417387
easy	easier	1.5936715513697504
warm	warmer	3.900301960902249
big	bigger	2.352310642710306
young	younger	0.7754262364983082
fast	faster	3.1069806512569342
tough	tougher	4.331435373424001
consistent	inconsistent	4.103701153447879
efficient	inefficient	4.551392899013995
convincing	unconvincing	2.7486935446856102
possible	impossible	1.7621513157175608
rational	irrational	7.557332347644738
sure	unsure	2.1229443806602615
decided	undecided	1.9383900334182596
likely	unlikely	1.5157199101730585
possibly	impossibly	None
fortunate	unfortunate	5.361576880774825
acceptable	unacceptable	6.630917535081232
competitive	uncompetitive	4.703807415655104
aware	unaware	2.5296844121920183
known	unknown	0.8585597931996158
pleasant	unpleasant	6.13524063178868
reasonable	unreasonable	5.911362159657048
informative	uninformative	8.81967359239901
productive	unproductive	6.338709482675058
tasteful	distasteful	None
clear	unclear	0.8693796137078195
logical	illogical	5.5219339920907125
certain	uncertain	1.5021807111533678
convenient	inconvenient	4.188869422769394
impressive	unimpressive	2.8813580213637047
comfortable	uncomfortable	3.599698902584457
ethical	unethical	5.902997721233381
responsible	irresponsible	2.8835101787507145
Beirut	Lebanon	7.188900841231441
Manama	Bahrain	9.015115547064994
Paramaribo	Suriname	9.720791411850787
Libreville	Gabon	9.63327346073254
Zagreb	Croatia	6.91513450020808
Banjul	Gambia	9.64729318447232
Khartoum	Sudan	7.626208513769826
Tripoli	Libya	7.333570045970693
Algiers	Algeria	7.4231376547514785
Kingston	Jamaica	6.769578303252687
Montevideo	Uruguay	8.2716520484826
Doha	Qatar	8.96304421728076
Abuja	Nigeria	7.535924182378814
Managua	Nicaragua	8.82227506420088
Sofia	Bulgaria	6.954150860773476
Harare	Zimbabwe	8.16389458478339
Dublin	Ireland	4.852104953341881
Lusaka	Zambia	8.684464417685296
Muscat	Oman	8.908968545843491
Vaduz	Liechtenstein	9.091472539684476
Antananarivo	Madagascar	8.278074950933167
Tirana	Albania	7.899869398657817
Rabat	Morocco	7.814461175260004
Chisinau	Moldova	8.336646926392856
Dhaka	Bangladesh	7.229253806246239
Gaborone	Botswana	9.083623151151938
Amman	Jordan	7.420266152283284
Vilnius	Lithuania	7.515390708707149
Tbilisi	Georgia	5.802253350270401
Maputo	Mozambique	8.769923351453807
Luanda	Angola	8.568732608405167
Quito	Ecuador	7.903441971346103
Ashgabat	Turkmenistan	9.563088742231132
Lima	Peru	7.008216455353202
Vientiane	Laos	8.549578363544349
Roseau	Dominica	9.399718469887235
Minsk	Belarus	8.030178900057347
Ljubljana	Slovenia	7.328193401097274
Budapest	Hungary	6.723434520203902
Copenhagen	Denmark	6.553341620094144
Valletta	Malta	8.147325181212935
Apia	Samoa	8.952616264338873
Monrovia	Liberia	8.6116474796485
Suva	Fiji	8.419323485852564
Kigali	Rwanda	8.926715282396893
Nouakchott	Mauritania	9.650474101444827
Podgorica	Montenegro	8.066082918287174
Belgrade	Serbia	6.7111001493325695
Funafuti	Tuvalu	9.92387336948255
Santiago	Chile	6.83125643550844
Jakarta	Indonesia	7.049785284942459
Tallinn	Estonia	7.4847563593301185
Bratislava	Slovakia	7.802672348781063
Bujumbura	Burundi	9.916234399960809
Niamey	Niger	8.674936872650987
Accra	Ghana	8.199498404779188
Kiev	Ukraine	6.405145533178498
Ankara	Turkey	7.049425876174299
Skopje	Macedonia	7.716761675853244
Conakry	Guinea	7.903161448195531
Bamako	Mali	8.851736640028406
Dushanbe	Tajikistan	9.113807966241582
Bucharest	Romania	6.476658627366504
Tegucigalpa	Honduras	8.660839388068203
Georgetown	Guyana	6.73471927605461
Kathmandu	Nepal	7.684410802164434
Taipei	Taiwan	6.833550159590374
Lilongwe	Malawi	9.103244078886258
Astana	Kazakhstan	8.215461103966135
Damascus	Syria	6.742551868826905
Thimphu	Bhutan	9.029963722569194
Nairobi	Kenya	7.786282098095587
Nuuk	Greenland	8.68385928587049
Warsaw	Poland	4.906057112327012
Bishkek	Kyrgyzstan	9.354616232026814
Asmara	Eritrea	9.157554777337898
Dakar	Senegal	8.66442662546611
Tashkent	Uzbekistan	8.618837760122252
Brussels	Belgium	6.318068795834509
Yerevan	Armenia	7.853285610256537
Windhoek	Namibia	8.633330891780943
Nassau	Bahamas	7.686676750487777
Kampala	Uganda	8.433309011405575
Nicosia	Cyprus	7.932774461616559
warm	warmest	4.438821922080558
short	shortest	1.1405789055503277
bright	brightest	3.486630469788077
cool	coolest	3.720930434243328
low	lowest	2.071389770910683
small	smallest	0.9544122103361968
smart	smartest	2.797414032997713
dark	darkest	2.568385369919473
simple	simplest	3.3165400624355876
fast	fastest	2.761936736198489
hot	hottest	2.5107399982867
quick	quickest	2.1599591055877876
cold	coldest	3.2830291342715965
high	highest	0.5203583034737265
strange	strangest	3.963524906760086
long	longest	2.217916971461947
tasty	tastiest	None
slow	slowest	3.8006952345209366
old	oldest	1.5201963673918255
young	youngest	0.24519861126671605
tall	tallest	5.0018148182241156
weak	weakest	3.0744424517940354
great	greatest	0.28011806733808564
bad	worst	2.4646057434665547
wide	widest	5.1347699279214005
lucky	luckiest	4.557313336482748
large	largest	0.20531512715336797
easy	easiest	1.5208864310685861
weird	weirdest	None
sweet	sweetest	4.477820202234602
big	biggest	0.9770626344910811
implementing	implemented	2.1256316614921373
listening	listened	2.550068829043352
hitting	hit	1.7288875138502557
describing	described	0.23763598819480994
dancing	danced	4.082572652190604
hiding	hid	2.074228622241479
singing	sang	2.4038318805494208
sleeping	slept	4.085007933884204
screaming	screamed	2.884322387188637
sitting	sat	1.479672871477283
feeding	fed	3.0697378258267234
flying	flew	3.4810617494813667
walking	walked	1.9205408779989954
vanishing	vanished	4.15784377169084
enhancing	enhanced	1.838666203040477
falling	fell	0.19116668384767221
playing	played	1.6821908614176848
jumping	jumped	3.155201214906839
reading	read	2.061032752904835
swimming	swam	4.44019697123869
taking	took	-0.5971996123359984
thinking	thought	1.9003731494086131
paying	paid	2.0046634037465694
saying	said	0.6558442391924801
knowing	knew	1.982263979571408
decreasing	decreased	3.2582595291617924
moving	moved	-0.4665865619851789
shrinking	shrank	None
striking	struck	1.7081514296592446
seeing	saw	0.09037080242737024
predicting	predicted	3.15517201971291
writing	wrote	1.9056823792291704
increasing	increased	1.7850823309303367
running	ran	1.7034649779164885
generating	generated	2.892926807132176
selling	sold	1.53796114996423
stepson	stepdaughter	8.110435661868815
father	mother	3.3628309796453917
his	her	-0.15987353707776006
stepbrother	stepsister	9.686776354407634
grandfather	grandmother	4.546346165777039
nephew	niece	5.170208274978066
uncle	aunt	5.365615573074735
grandson	granddaughter	4.523074637829009
he	she	-0.6122307783406842
brothers	sisters	5.541519112146101
stepfather	stepmother	5.049272739991455
grandpa	grandma	8.441581184903052
man	woman	3.4816735728290373
prince	princess	4.607400250790926
policeman	policewoman	6.157151011728678
husband	wife	3.6432273048561417
groom	bride	7.064461931082008
king	queen	3.484333969574027
boy	girl	4.2565234981313
brother	sister	3.7708648867492216
sons	daughters	6.302773121591718
Belarus	Belorussian	4.852997573118066
Mexico	Mexican	4.009820792956204
Poland	Polish	4.024504746976465
Italy	Italian	2.982473119361476
Chile	Chilean	5.760723051228269
Argentina	Argentinean	4.554175726730449
India	Indian	2.7867904783464383
Ireland	Irish	3.6816620446769037
Egypt	Egyptian	4.443132598260896
Switzerland	Swiss	4.436438874837648
Russia	Russian	3.0252000570509763
Australia	Australian	2.9606379906130638
Croatia	Croatian	5.25826941764983
Cambodia	Cambodian	6.234303710258188
Greece	Greek	3.7242521132336566
Korea	Korean	4.267650753713784
Colombia	Colombian	5.497433415425408
Ukraine	Ukrainian	5.108911524307505
Norway	Norwegian	4.368544857169796
Portugal	Portuguese	4.265469420196075
France	French	2.4445606682057526
England	English	1.6524474879060786
Israel	Israeli	4.211287298189897
Moldova	Moldovan	6.784827019950236
Albania	Albanian	5.69656923203429
Bulgaria	Bulgarian	5.049456280221368
China	Chinese	3.1749723246166512
Germany	German	2.4134690584158047
Slovakia	Slovakian	5.662921275818444
Spain	Spanish	3.2001106690114645
Malta	Maltese	6.007306398311915
Thailand	Thai	5.162623247062998
Iceland	Icelandic	5.723757381842722
Austria	Austrian	4.015125036001887
Sweden	Swedish	4.233824837085925
Peru	Peruvian	5.388560753533453
Netherlands	Dutch	3.7549520389343995
Chicago	Illinois	5.2131544755954
Pittsburgh	Pennsylvania	5.25246565360537
Madison	Wisconsin	5.517676765347777
Philadelphia	Pennsylvania	5.225059089120856
Glendale	Arizona	5.588759498626035
Cleveland	Ohio	5.45616408175665
Tacoma	Washington	5.715605101098961
Jacksonville	Florida	5.671408833205662
Boston	Massachusetts	5.304585204489797
Memphis	Tennessee	6.443242239762532
Anchorage	Alaska	7.272824461005291
Honolulu	Hawaii	7.4702573060982855
Sacramento	California	4.90029474389951
Austin	Texas	5.159162113034991
Fontana	California	3.9202521831408528
Miami	Florida	5.2782400805042515
Baltimore	Maryland	6.1460530945351755
Oakland	California	4.771193075034025
Minneapolis	Minnesota	6.59762301402308
Reno	Nevada	7.337212787691235
Spokane	Washington	5.557471426197305
Toledo	Ohio	5.600254117215545
Glendale	California	5.0216039830381725
Laredo	Texas	5.344722433407403
Fresno	California	5.001293062228686
Tallahassee	Florida	6.021700043926172
Akron	Ohio	5.9719159454471304
Arlington	Texas	4.461323646057389
Chandler	Arizona	4.544556603573281
Shreveport	Louisiana	7.112067119797957
Irving	Texas	3.78851385689214
Louisville	Kentucky	6.705833880324561
Nashville	Tennessee	6.6052085309228925
Phoenix	Arizona	6.1634031917869745
Bakersfield	California	5.050880783501727
Amarillo	Texas	5.700338038445313
Plano	Texas	5.443525527509986
Modesto	California	5.078649274571225
Lubbock	Texas	5.673259923124938
Hialeah	Florida	5.770506529204959
Tampa	Florida	5.563984777047843
Detroit	Michigan	5.526205207120912
Denver	Colorado	6.445625746822861
Stockton	California	4.628350850244703
Orlando	Florida	5.718195375504953
Indianapolis	Indiana	6.340563693176033
Fremont	California	4.0656284271112835
Houston	Texas	5.1396656440200115
Huntsville	Alabama	6.943343165733354
Oxnard	California	5.325555754042335
Dallas	Texas	5.191645628897672
Mesa	Arizona	5.658592375371934
Worcester	Massachusetts	5.675048738758882
Portland	Oregon	6.515691655045156
Milwaukee	Wisconsin	6.286847855582642
Wichita	Kansas	6.526055330442155
Scottsdale	Arizona	7.162817413561005
Atlanta	Georgia	5.930600925880682
Seattle	Washington	5.18360091573302
Tucson	Arizona	7.02297885684598
Henderson	Nevada	4.777092553860432
Omaha	Nebraska	7.278420899448292
Canada	dollar	0.7607807576257563
Europe	euro	1.0082428638486862
Mexico	peso	3.3281033879922273
Japan	yen	3.0271732492822925
Angola	kwanza	5.608684679082179
Hungary	forint	6.22976662517715
Algeria	dinar	2.437720932908086
Thailand	baht	5.480395421524595
Vietnam	dong	3.847185263594106
Armenia	dram	3.7815394957109687
Argentina	peso	3.2047168663008154
Sweden	krona	3.9439232927409265
Macedonia	denar	6.502225893130812
Latvia	lats	6.422444864047639
Malaysia	ringgit	6.082029132143452
USA	dollar	0.4851830256987798
Korea	won	0.660367963622664
Denmark	krone	4.690451009698493
Brazil	real	-0.568033428420991
Ukraine	hryvnia	6.5992689877285935
Lithuania	litas	6.371944189221752
India	rupee	3.6251674593850938
Cambodia	riel	None
Russia	ruble	3.682206081031369
Nigeria	naira	6.124428076987967
Iran	rial	4.636241574205376
Bulgaria	lev	2.2664619565427357
go	goes	1.218399347580357
sing	sings	2.45899665453331
enhance	enhances	1.6141722228001025
walk	walks	2.466103242237551
sit	sits	1.6166198409493941
talk	talks	1.5436573814285033
work	works	0.38483258517005636
estimate	estimates	3.5461075801993824
provide	provides	-0.020819208201384484
eat	eats	4.0150586756162445
write	writes	1.6241481353223537
say	says	1.5675578478233907
predict	predicts	2.9978695189205085
speak	speaks	3.587390980476375
vanish	vanishes	6.343380624993197
listen	listens	3.0641299829671387
swim	swims	5.379779555313714
find	finds	1.1969025612513622
implement	implements	2.017108819623772
think	thinks	2.473197261464491
decrease	decreases	4.027439542954732
scream	screams	4.225197090809832
shuffle	shuffles	6.800838667239864
slow	slows	3.260811982175769
increase	increases	3.0816620333470603
describe	describes	0.7740534801616779
search	searches	4.230192641631179
happy	happily	2.1111650936589554
rapid	rapidly	0.9213704359932119
lucky	luckily	3.404445733443789
quiet	quietly	1.499548256348229
infrequent	infrequently	None
immediate	immediately	0.603832749589145
serious	seriously	1.4508454028163933
amazing	amazingly	None
professional	professionally	1.7094530399526247
swift	swiftly	0.3076455840200929
fortunate	fortunately	4.214163705808895
quick	quickly	1.1880486862258066
sudden	suddenly	2.0920314769393427
occasional	occasionally	0.47676622498963667
unfortunate	unfortunately	None
most	mostly	-0.5726962529886419
free	freely	1.503580648661438
apparent	apparently	0.1609656148066882
precise	precisely	2.6131867691368966
calm	calmly	3.488918975286717
typical	typically	1.3361130314526037
obvious	obviously	1.1481133299665396
efficient	efficiently	1.4589895432956
reluctant	reluctantly	0.1326739074387396
possible	possibly	0.3900260349154386
slow	slowly	1.7172002751772715
safe	safely	1.2939609585484158
furious	furiously	None
cheerful	cheerfully	5.071616672184031
Madrid	Spain	5.346919432747819
Oslo	Norway	6.245446187919168
Rome	Italy	4.452784686626158
Helsinki	Finland	7.003915114634201
Paris	France	3.93276897029509
Canberra	Australia	4.356258785903418
London	England	3.0444167602709467
Berlin	Germany	4.109542811022554
Islamabad	Pakistan	6.355100074507415
Baghdad	Iraq	6.293904033662
Ottawa	Canada	4.152695295539278
Beijing	China	5.050530766658557
Bangkok	Thailand	7.290201945118405
Stockholm	Sweden	6.232981107800705
Tokyo	Japan	5.421254843040699
Cairo	Egypt	6.298179707404958
Kabul	Afghanistan	6.776949387205483
Tehran	Iran	6.757353079258052
Bern	Switzerland	6.485308841176021
Havana	Cuba	7.580593881826107
Moscow	Russia	4.961402834226487
generate	generating	2.72687998178409
listen	listening	2.915871047649447
debug	debugging	6.7995322594723575
think	thinking	2.1807260308658303
say	saying	0.8698658573261381
write	writing	1.038723746523993
walk	walking	2.926468917365059
sing	singing	1.9756199637266207
slow	slowing	2.7310550163650427
fly	flying	2.5369664737870568
shuffle	shuffling	7.269155793890251
move	moving	1.0209383362909974
see	seeing	-0.3022590043146756
run	running	1.6456047282842696
look	looking	1.202426714886192
decrease	decreasing	4.449614004657065
sit	sitting	2.3261926977760328
predict	predicting	3.6877482062583704
read	reading	1.826374140659168
scream	screaming	3.7132269460047422
go	going	0.6863963917412438
describe	describing	0.9107068542268247
play	playing	0.5186969053301725
invent	inventing	None
increase	increasing	2.5522502693682765
enhance	enhancing	1.5096089627324156
jump	jumping	3.987925988030218
vanish	vanishing	4.78867595199075
implement	implementing	2.0806601922389802
discover	discovering	1.227260158099338
computer	computers	3.635330794748028
banana	bananas	5.807954321658011
donkey	donkeys	5.802888802015878
onion	onions	6.335438571815372
man	men	0.3856769547143733
road	roads	2.5713921453086304
snake	snakes	5.422673905774042
dream	dreams	3.305012295820003
hand	hands	1.3980299776950216
cloud	clouds	4.690314403420693
pig	pigs	5.197341315677743
building	buildings	1.7979300102702716
eagle	eagles	3.199943768965716
eye	eyes	2.5069571682121543
cat	cats	4.499139959678498
monkey	monkeys	5.624764477893976
mouse	mice	4.713590613443317
horse	horses	3.74518457406776
pineapple	pineapples	7.040506949109099
woman	women	0.8294582661399352
goat	goats	5.205385686223248
rat	rats	5.11994991347308
bird	birds	3.3586315237995805
dog	dogs	4.292993699734933
cow	cows	5.0757807031628746
finger	fingers	5.14364632513805
mango	mangoes	7.078824530739282
car	cars	3.0777186853537857
bottle	bottles	4.7632770496553105
child	children	2.129899974739456
elephant	elephants	5.60749486876977
melon	melons	7.494336064155442
pear	pears	6.919367433658597
color	colors	3.37001328197486
fortunate	fortunately	4.214163705808895
tight	young	-0.006706788669681487
tall	taller	4.85852944810405
newer	larger	3.734161993447369
cheap	great	-0.3964803054510963
most	mostly	-0.5726962529886419
slow	slower	3.3268397011900173
taller	weaker	1.1494664606684915
bad	young	0.038420437880105233
infrequent	infrequently	None
worse	simpler	0.5609250626594237
new	newer	-0.14008316657443795
generate	generates	2.9038991110018157
tall	slow	0.21566031921397194
high	higher	0.9219136255858076
safer	simpler	4.170999240075205
striking	struck	1.7081514296592446
shorter	cooler	2.927840503714073
hot	hotter	3.4134840777823463
bad	great	-0.2530046392774219
tough	tougher	4.331435373424001
impressive	unimpressive	2.8813580213637047
fast	easy	3.2722578508451674
lower	cooler	2.3132943052855177
short	shorter	1.3307987021101741
younger	colder	None
complete	completely	0.24871811229178767
hard	cold	1.0477899867305247
low	lower	1.2480281463363239
old	young	0.8622768468848984
cool	coolest	3.720930434243328
newer	cheaper	3.626782169147462
sharp	sharper	3.448142029901124
cool	hot	3.313970007273891
discover	discovering	1.227260158099338
stronger	smaller	1.3801123333239669
mango	mangoes	7.078824530739282
big	bigger	2.352310642710306
higher	colder	3.1735180729667807
long	short	2.307107341128118
large	young	-0.16772990716270383
newer	longer	1.9330125629462147
great	greater	-0.0030617980729487097
describe	describing	0.9107068542268247
simple	simpler	2.1622955505379173
deep	young	-0.32641450618753304
big	biggest	0.9770626344910811
worse	easier	-0.3627273189655297
large	larger	0.7055651446813326
fast	small	0.5466981853782893
sweet	sweetest	4.477820202234602
shorter	louder	2.8938890090152767
long	great	-0.13641096764381158
cool	cooler	3.638343415588576
slower	hotter	4.297539996667102
walking	walked	1.9205408779989954
machine	machines	3.4665548036874534
tight	tighter	2.975813483507302
bright	heavy	0.5606395950654144
faster	smarter	5.575633044912177
road	roads	2.5713921453086304
new	cold	-0.8261786716968413
wide	wider	1.845358265313254
faster	bigger	2.9511354049947918
young	younger	0.7754262364983082
newer	colder	None
lucky	luckiest	4.557313336482748
big	safe	-0.6067607396304372
tasty	tastiest	None
heavier	longer	3.046950388852593
fast	wide	0.6842061544284342
strong	stronger	1.9759356368621526
swimming	swam	4.44019697123869
loud	louder	5.0906358646386805
greater	cheaper	0.7535401833170434
old	sharp	-0.17395121921148027
easy	easier	1.5936715513697504
finger	fingers	5.14364632513805
younger	tougher	0.30359724169602
cool	simple	0.1146505236046364
small	smaller	0.6585919526057649
lower	louder	1.1687356706160636
swim	swims	5.379779555313714
new	cold	-0.8261786716968413
newer	hotter	1.4573048411596061
likely	unlikely	1.5157199101730585
quick	quicker	3.3690857098638234
fast	smart	1.80187312202421
smart	smarter	5.582892209581044
small	smallest	0.9544122103361968
safer	easier	5.307354947506691
old	slow	0.2831204615043784
weak	small	0.8119420266697482
hard	harder	3.429018554328219
slow	slowly	1.7172002751772715
shorter	bigger	1.6988014562067293
safe	safer	2.8744297114126276
cool	warm	4.773121293869254
Netherlands	Dutch	3.7549520389343995
worse	tighter	None
heavy	heavier	2.428508985127388
China	Chinese	3.1749723246166512
stronger	tighter	3.849542463808332
tall	simple	1.3232324854200983
larger	hotter	3.8897915664793308
old	older	0.8590228670595285
strong	safe	0.6967149040912889
furious	furiously	None
weak	young	0.05663325587767674
safer	smaller	1.9204115252703327
cold	colder	3.4421571727689986
Cambodia	Cambodian	6.234303710258188
shorter	tighter	5.183857173230447
Spain	Spanish	3.2001106690114645
bad	small	-0.5538828009820308
fast	faster	3.1069806512569342
large	great	-0.08336639899667518
weak	weaker	3.6279958094358653
higher	larger	1.520495582021987
pineapple	pineapples	7.040506949109099
bright	brighter	3.6932605542234986
stronger	smarter	5.710386397244093
slowing	slowed	3.6201575014850502
bad	sharp	-0.16634779015461088
stronger	smaller	1.3801123333239669
bad	worse	5.020629693927235
weak	easy	1.6829636814855733
wide	widest	5.1347699279214005
lower	larger	1.2507575324695757
lion	lions	3.5712208725559527
bright	simple	0.558272613687588
good	better	1.7095470062897056
warm	warmer	3.900301960902249
younger	harder	-0.47723104030929514
Sweden	Swedish	4.233824837085925
bad	cold	0.7249064201192656
convincing	unconvincing	2.7486935446856102
likely	acceptable	1.2015309972761017
swift	swiftly	0.3076455840200929
unreasonable	irresponsible	5.756763057228639
ethical	unethical	5.902997721233381
swift	swiftly	0.3076455840200929
unlikely	inconsistent	0.30462440792032947
productive	rational	-0.3372882365277147
free	freely	1.503580648661438
convenient	inconvenient	4.188869422769394
unlikely	inconsistent	0.30462440792032947
possible	efficient	1.1636106243508806
possibly	impossibly	None
unfortunate	unpleasant	None
pineapple	pineapples	7.040506949109099
certain	responsible	0.2990965942948611
impossible	unethical	1.8346373145053316
reasonable	unreasonable	5.911362159657048
productive	ethical	2.6002999022086453
dream	dreams	3.305012295820003
uninformed	unconvincing	None
informed	impressive	None
tasteful	distasteful	None
monkey	monkeys	5.624764477893976
increasing	increased	1.7850823309303367
convenient	responsible	-1.0743813354108853
efficient	inefficient	4.551392899013995
unsure	unconvincing	None
sure	consistent	1.463705802245717
unproductive	unconvincing	None
enhance	enhances	1.6141722228001025
logical	illogical	5.5219339920907125
comfortable	rational	None
productive	unproductive	6.338709482675058
Spain	Spanish	3.2001106690114645
unreasonable	irrational	6.22424966220095
impossible	unaware	0.2203473133957627
honest	dishonest	6.096694733092356
comfortable	known	-1.354744025602365
invent	inventing	None
tasteful	competitive	None
aware	unaware	2.5296844121920183
rare	rarely	1.1454336620997112
unlikely	inconvenient	4.895297083525608
Italy	Italian	2.982473119361476
possible	acceptable	2.097884435013637
consistent	inconsistent	4.103701153447879
unlikely	distasteful	None
reasonable	competitive	1.1040176934490036
unclear	inconvenient	None
young	youngest	0.24519861126671605
certain	uncertain	1.5021807111533678
likely	unlikely	1.5157199101730585
uncompetitive	unpleasant	None
certain	fortunate	-1.5812276337518418
swim	swims	5.379779555313714
bright	brighter	3.6932605542234986
reasonable	aware	2.2478549095450338
unfortunate	irrational	None
possible	impossible	1.7621513157175608
dishonest	unknown	None
convincing	ethical	0.6509051716775723
color	colors	3.37001328197486
responsible	irresponsible	2.8835101787507145
pleasant	clear	0.1390930727423567
see	sees	0.2693014122410586
dishonest	irresponsible	6.357415193120977
informed	uninformed	4.906151128638697
rational	irrational	7.557332347644738
uncompetitive	unknown	None
reasonable	impressive	-0.7929310012875723
slow	slows	3.260811982175769
unfortunate	unconvincing	None
work	works	0.38483258517005636
convincing	known	-1.4961022169120322
acceptable	unacceptable	6.630917535081232
unlikely	unethical	None
bottle	bottles	4.7632770496553105
informed	rational	2.427142073182577
comfortable	uncomfortable	3.599698902584457
dishonest	unethical	7.6203423747571435
pleasant	unpleasant	6.13524063178868
Spain	Spanish	3.2001106690114645
productive	responsible	2.3559179961992682
clear	unclear	0.8693796137078195
finger	fingers	5.14364632513805
unreasonable	unconvincing	None
logical	consistent	3.494052686788004
decided	undecided	1.9383900334182596
uninformative	unpleasant	6.539124625221483
productive	consistent	1.9327677789902231
usual	usually	0.7571246973371254
spending	spent	0.3106170767983679
convincing	competitive	-1.2941430332753396
unclear	unacceptable	None
informative	uninformative	8.81967359239901
likely	acceptable	1.2015309972761017
uninformed	unethical	None
competitive	uncompetitive	4.703807415655104
rat	rats	5.11994991347308
uncertain	unpleasant	1.4236834819017794
fortunate	unfortunate	5.361576880774825
knowing	knew	1.982263979571408
sure	pleasant	0.04317917024389299
possibly	fortunate	-0.8576357755611513
uninformed	unaware	3.5817615999017227
sure	unsure	2.1229443806602615
decrease	decreases	4.027439542954732
Nigeria	naira	6.124428076987967
China	Gabon	0.38676502463333373
Tegucigalpa	Paramaribo	None
Belgrade	Serbia	6.7111001493325695
Algeria	dinar	2.437720932908086
Algeria	Kazakhstan	2.7030266958763725
Manila	Philippines	5.940198339770602
Bamako	Caracas	None
Bangkok	Amman	0.8917547156949464
Poland	zloty	3.513316156583101
Paris	France	3.93276897029509
Malawi	Honduras	0.0654749995569604
Russia	ruble	3.682206081031369
Dublin	Gaborone	None
Tunisia	Vietnam	1.8620325004796496
Lilongwe	Malawi	9.103244078886258
Kathmandu	Roseau	None
Latvia	lats	6.422444864047639
Romania	Sudan	1.2578280636305454
Abuja	Nigeria	7.535924182378814
Iran	rial	4.636241574205376
Rabat	Kampala	None
Beijing	China	5.050530766658557
Ireland	Ghana	0.13441738728730718
Dublin	Riga	0.7224122074608998
Vietnam	dong	3.847185263594106
Kiev	Ukraine	6.405145533178498
Ecuador	Tajikistan	1.0780006005968035
Belgium	Switzerland	4.055251319058971
man	woman	3.4816735728290373
Madrid	Skopje	-0.009469955057693855
Tunis	Tunisia	7.77546993789513
Amman	Jordan	7.420266152283284
stepfather	stepmother	5.049272739991455
Podgorica	Ottawa	None
Turkmenistan	Morocco	2.2013559761313988
Tallinn	Riga	6.1117240481939685
Canada	Honduras	1.3387100341896643
Latvia	lats	6.422444864047639
Libreville	Gabon	9.63327346073254
Serbia	Denmark	1.0131525857707924
Moscow	Russia	4.961402834226487
Dhaka	Bratislava	None
Japan	yen	3.0271732492822925
Estonia	Switzerland	1.7607437699021304
Dublin	Ireland	4.852104953341881
Brussels	Nairobi	2.1992041001800655
man	woman	3.4816735728290373
Bucharest	Canberra	0.9742795199820835
Uzbekistan	Albania	2.8392252050257816
Accra	Ghana	8.199498404779188
Argentina	peso	3.2047168663008154
Tehran	Budapest	0.5587524908377816
Uganda	Somalia	3.821941403670451
stepfather	stepmother	5.049272739991455
Manama	Bahrain	9.015115547064994
Iran	Slovakia	0.21699312397940806
Dushanbe	Canberra	None
USA	dollar	0.4851830256987798
Stockholm	Sweden	6.232981107800705
Havana	Cuba	7.580593881826107
Portugal	Samoa	0.906246386050386
brothers	sisters	5.541519112146101
Tehran	Damascus	3.5276991844719743
Dushanbe	Tajikistan	9.113807966241582
Mozambique	Qatar	1.8660016249308804
Romania	leu	4.758630764210357
Ashgabat	Skopje	None
Botswana	Iraq	-1.2733481898863983
Muscat	Budapest	None
nephew	niece	5.170208274978066
Madrid	Spain	5.346919432747819
Nairobi	Kenya	7.786282098095587
father	mother	3.3628309796453917
Lilongwe	Lima	None
China	Spain	0.6534060934437245
Tegucigalpa	Santiago	3.036807010806666
Valletta	Malta	8.147325181212935
Zimbabwe	Bangladesh	3.892545688860316
policeman	policewoman	6.157151011728678
Apia	Samoa	8.952616264338873
Laos	Bhutan	2.482788161323166
Rome	Gaborone	None
boy	girl	4.2565234981313
Tokyo	Japan	5.421254843040699
Tegucigalpa	Paris	None
Macedonia	Malta	4.371158752268207
husband	wife	3.6432273048561417
Bucharest	Libreville	None
Canada	dollar	0.7607807576257563
Riga	Latvia	7.784639298622247
Afghanistan	Nigeria	1.301228881506056
brother	sister	3.7708648867492216
Conakry	Guinea	7.903161448195531
Nouakchott	Georgetown	None
Uzbekistan	Slovenia	1.4380607639814202
Antananarivo	Ottawa	None
brother	sister	3.7708648867492216
Doha	Qatar	8.96304421728076
Iran	Thailand	1.419363806360585
Cairo	Bishkek	None
son	daughter	3.1929813854483684
Georgetown	Guyana	6.73471927605461
Georgia	Cuba	-0.25780558599092274
Tegucigalpa	Stockholm	None
Turkmenistan	Vietnam	2.885996024213357
Europe	euro	1.0082428638486862
Ankara	Turkey	7.049425876174299
France	Fiji	0.9375853715256067
Warsaw	Poland	4.906057112327012
Tehran	Banjul	None
Croatia	kuna	4.985833695725579
Asmara	Minsk	None
Tegucigalpa	Honduras	8.660839388068203
groom	bride	7.064461931082008
Zambia	Vietnam	0.49166834355688355
he	she	-0.6122307783406842
Latvia	Armenia	2.3903888885408646
Minsk	Belarus	8.030178900057347
Kingston	Thimphu	None
Cambodia	riel	None
Lusaka	Zambia	8.684464417685296
Kathmandu	Lisbon	None
Belarus	Moldova	5.5827882276816645
Rabat	Morocco	7.814461175260004
policeman	policewoman	6.157151011728678
Liechtenstein	Albania	None
Bangkok	Doha	2.8645689871167264
nephew	niece	5.170208274978066
Serbia	Switzerland	2.677173409154979
Asmara	Eritrea	9.157554777337898
Athens	Kigali	0.9121554651528416
Belgium	Moldova	1.7450665736669324
Islamabad	Doha	2.1856746443190365
groom	bride	7.064461931082008
Lisbon	Portugal	6.410326322350936
Egypt	Vietnam	0.6898553466690251
Tbilisi	Roseau	None
grandson	granddaughter	4.523074637829009
Vilnius	Lithuania	7.515390708707149
Uzbekistan	Tajikistan	7.470137835291755
Baghdad	Vienna	-0.5378232919760023
husband	wife	3.6432273048561417
Santiago	Chile	6.83125643550844
Ecuador	Indonesia	1.9630771284592
Mogadishu	Somalia	8.096379873231841
Brussels	Manila	0.2799163167636438
Europe	euro	1.0082428638486862
Zagreb	Libreville	None
India	rupee	3.6251674593850938
Malawi	Germany	-1.0455504955485204
London	England	3.0444167602709467
husband	wife	3.6432273048561417
Turkey	Chile	1.523501036708026
Bujumbura	Burundi	9.916234399960809
Cairo	Minsk	None
Suva	Taipei	3.6880727945060756
stepson	stepdaughter	8.110435661868815
Dakar	Senegal	8.66442662546611
Belgium	Taiwan	0.38336441680633204
Vienna	Austria	5.813673263989866
groom	bride	7.064461931082008
Bahrain	Gabon	3.0043243765445915
Muscat	Warsaw	None
Bahrain	Italy	0.4718542438417448
Monrovia	Budapest	None
Armenia	dram	3.7815394957109687
Ashgabat	Turkmenistan	9.563088742231132
Montevideo	Uruguay	8.2716520484826
Japan	yen	3.0271732492822925
Muscat	Tashkent	None
Lithuania	Syria	-0.27818533273715346
Taipei	Taiwan	6.833550159590374
Kabul	Warsaw	1.2736285192520296
son	daughter	3.1929813854483684
Iran	Germany	0.2344082778610187
Kingston	Jamaica	6.769578303252687
Uzbekistan	Poland	-0.4015287433496428
Romania	leu	4.758630764210357
Helsinki	Havana	0.5707959566772958
Nuuk	Greenland	8.68385928587049
Australia	Morocco	-0.25333073478919566
Hanoi	Warsaw	1.330960629763554
stepfather	stepmother	5.049272739991455
Denmark	krone	4.690451009698493
Quito	Ecuador	7.903441971346103
Helsinki	Nicosia	None
Libya	Mali	5.180072335512094
Belmopan	Belize	8.752307882432527
Namibia	Malta	0.15683995888965835
Madrid	Astana	1.5847953430369297
boy	girl	4.2565234981313
Mexico	peso	3.3281033879922273
Greenland	Madagascar	0.8852158491877937
Nouakchott	Windhoek	5.6388486617432045
Gaborone	Botswana	9.083623151151938
Baghdad	Roseau	None
Skopje	Macedonia	7.716761675853244
Finland	Vietnam	-0.4731983618078097
Hungary	forint	6.22976662517715
Kabul	Afghanistan	6.776949387205483
Dominica	Denmark	None
policeman	policewoman	6.157151011728678
Niamey	Nuuk	None
Rwanda	Bangladesh	1.6892748766615804
Tashkent	Uzbekistan	8.618837760122252
policeman	policewoman	6.157151011728678
Zagreb	Manila	None
boy	girl	4.2565234981313
Uruguay	Russia	0.43572653710847525
Brussels	Belgium	6.318068795834509
Bucharest	Budapest	4.547640871631942
Conakry	Kiev	None
Macedonia	denar	6.502225893130812
Peru	Samoa	1.0353217927100358
Cairo	Egypt	6.298179707404958
Funafuti	Moscow	None
Nicosia	Cyprus	7.932774461616559
sons	daughters	6.302773121591718
Norway	Bhutan	None
policeman	policewoman	6.157151011728678
Algiers	Algeria	7.4231376547514785
Madrid	Banjul	None
Guyana	Switzerland	-0.5938565102185057
Luanda	Windhoek	None
policeman	policewoman	6.157151011728678
Kigali	Rwanda	8.926715282396893
Latvia	Jordan	-0.9045579426152421
Beijing	Thimphu	None
grandson	granddaughter	4.523074637829009
Latvia	Italy	1.1642849475632355
Antananarivo	Madagascar	8.278074950933167
Sofia	Bulgaria	6.954150860773476
Macedonia	denar	6.502225893130812
Algeria	Moldova	1.5301248846295081
Helsinki	Bratislava	0.9079370777076272
Afghanistan	Russia	1.6396074598396515
Cambodia	riel	None
Copenhagen	Denmark	6.553341620094144
Vientiane	Riga	None
Bangkok	Thailand	7.290201945118405
Suva	Kigali	None
Japan	Eritrea	-0.7803950521083654
Europe	euro	1.0082428638486862
Canada	Venezuela	1.4710859442957607
Funafuti	Tuvalu	9.92387336948255
he	she	-0.6122307783406842
Oslo	Bishkek	None
grandpa	grandma	8.441581184903052
Bangkok	Lima	1.356218054992108
Philippines	Qatar	2.998674443068447
Budapest	Hungary	6.723434520203902
Khartoum	Thimphu	None
Latvia	Suriname	-0.04873429473803622
Canada	dollar	0.7607807576257563
Tehran	Iran	6.757353079258052
Lusaka	Jakarta	None
Greenland	Samoa	None
father	mother	3.3628309796453917
Hanoi	Vietnam	6.265661676559612
Antananarivo	Abuja	None
Rwanda	Albania	2.4489209461427044
groom	bride	7.064461931082008
Khartoum	Sudan	7.626208513769826
grandfather	grandmother	4.546346165777039
Tallinn	Estonia	7.4847563593301185
Suva	Santiago	None
Uzbekistan	Suriname	None
Oslo	Canberra	0.08588837434452971
Zambia	Liberia	3.1559054893057827
Sweden	krona	3.9439232927409265
Lima	Peru	7.008216455353202
Hungary	Armenia	1.1024094486501816
Athens	Greece	6.129242935847027
Vietnam	dong	3.847185263594106
Funafuti	Lisbon	None
Dhaka	Bangladesh	7.229253806246239
his	her	-0.15987353707776006
Romania	Jordan	-0.9741193687849757
Helsinki	Mogadishu	None
Tegucigalpa	Belgrade	None
Norway	Tajikistan	-0.2631163974682052
Tirana	Albania	7.899869398657817
prince	princess	4.607400250790926
Nassau	Bahamas	7.686676750487777
boy	girl	4.2565234981313
Athens	Windhoek	None
Afghanistan	Ghana	1.0470694187922018
Bucharest	Nicosia	1.6259039753883964
Oslo	Norway	6.245446187919168
Greece	Cyprus	5.152362864020041
Mexico	peso	3.3281033879922273
his	her	-0.15987353707776006
Beijing	Belgrade	0.6678098382888029
Angola	Switzerland	-1.1887638056159866
Windhoek	Namibia	8.633330891780943
Valletta	Apia	None
Japan	Syria	-0.42858689103648867
dad	mom	5.829372133612631
Bratislava	Slovakia	7.802672348781063
Australia	Belgium	2.3980453450556434
Korea	won	0.660367963622664
Astana	Kazakhstan	8.215461103966135
Ashgabat	Bujumbura	None
Algeria	dinar	2.437720932908086
Finland	Germany	3.368072875376964
Harare	Yerevan	None
Damascus	Syria	6.742551868826905
son	daughter	3.1929813854483684
Senegal	Albania	None
Tbilisi	Georgia	5.802253350270401
Vaduz	Yerevan	None
Bucharest	Romania	6.476658627366504
king	queen	3.484333969574027
Egypt	Russia	1.0891043424936342
Tripoli	Doha	None
Azerbaijan	Denmark	1.5227826727376885
Zagreb	Croatia	6.91513450020808
Dushanbe	Tunis	None
boy	girl	4.2565234981313
Hungary	forint	6.22976662517715
Yerevan	Armenia	7.853285610256537
Niger	Spain	-0.7058699966934695
Lusaka	Tokyo	None
Uruguay	Taiwan	-0.8180983624615785
Niamey	Niger	8.674936872650987
Nigeria	naira	6.124428076987967
Vaduz	Skopje	None
Denmark	Burundi	None
brothers	sisters	5.541519112146101
Kathmandu	Nepal	7.684410802164434
Khartoum	Managua	None
Nouakchott	Mauritania	9.650474101444827
Latvia	lats	6.422444864047639
Podgorica	Kampala	None
Belgium	Syria	-0.5806964845953704
lowest	biggest	0.2104904004222041
weak	weakest	3.0744424517940354
increasing	increased	1.7850823309303367
large	smart	-0.6669219037381363
highest	warmest	1.0661353864483913
slow	slowest	3.8006952345209366
low	wide	1.0965074916608235
predict	predicts	2.9978695189205085
clear	unclear	0.8693796137078195
oldest	weakest	1.5589992275058837
cold	coldest	3.2830291342715965
warm	wide	-0.21884631684643469
tastiest	warmest	None
saying	said	0.6558442391924801
dark	darkest	2.568385369919473
young	high	-0.25370541282761744
swift	swiftly	0.3076455840200929
young	quick	0.24986416608551792
strangest	darkest	None
lucky	luckiest	4.557313336482748
old	short	-0.6658191886046497
saying	said	0.6558442391924801
coolest	biggest	1.43398421416193
smart	smartest	2.797414032997713
strange	strangest	3.963524906760086
sharpest	youngest	None
fast	quick	2.7170586461474713
impressive	unimpressive	2.8813580213637047
easy	easiest	1.5208864310685861
tall	weird	-0.042806630565907666
strangest	worst	None
swimming	swam	4.44019697123869
short	shortest	1.1405789055503277
young	easy	-0.14346601806423984
selling	sold	1.53796114996423
fastest	easiest	4.406254257698835
good	best	0.26173879057553295
warm	great	-0.2795132033680719
sure	unsure	2.1229443806602615
weirdest	darkest	None
strangest	sweetest	None
good	simple	0.7207045869076598
France	French	2.4445606682057526
large	largest	0.20531512715336797
good	strange	0.16692115344035288
weirdest	weakest	None
sharp	sharpest	4.139277327700613
comfortable	uncomfortable	3.599698902584457
smartest	highest	None
tasteful	distasteful	None
cool	coolest	3.720930434243328
sharp	strange	-1.0143999136418471
big	smart	0.3630371037879155
rare	rarely	1.1454336620997112
simplest	weakest	2.233367285743271
hot	hottest	2.5107399982867
strong	strongest	1.3099815411624305
large	tasty	1.5547277135116286
playing	played	1.6821908614176848
widest	quickest	None
bad	easy	0.7728113233473459
low	lowest	2.071389770910683
widest	warmest	None
rapid	rapidly	0.9213704359932119
dollar	dollars	4.1096997722114725
long	hot	0.847660655360664
strangest	weakest	None
warm	warmest	4.438821922080558
small	smallest	0.9544122103361968
large	sweet	-0.1514287318276249
weirdest	warmest	None
elephant	elephants	5.60749486876977
bright	short	0.005807565007784856
sharpest	largest	0.3112439103865047
pig	pigs	5.197341315677743
quick	quickest	2.1599591055877876
bad	worst	2.4646057434665547
mouse	mice	4.713590613443317
oldest	quickest	0.9152508259235016
sharp	tasty	None
sit	sits	1.6166198409493941
fastest	quickest	4.645665493704858
fast	strange	-0.6586777304019421
tasty	tastiest	None
simplest	sweetest	5.5713070169092545
weird	weirdest	None
warm	wide	-0.21884631684643469
rapid	rapidly	0.9213704359932119
possible	impossible	1.7621513157175608
cool	simple	0.1146505236046364
hottest	longest	1.2371858901184045
high	highest	0.5203583034737265
tall	hot	-1.2064909113390647
widest	strongest	None
sharp	sharper	3.448142029901124
big	biggest	0.9770626344910811
young	youngest	0.24519861126671605
cheap	cheaper	3.321469047417387
bright	high	0.10855284403099272
coldest	sweetest	None
debug	debugging	6.7995322594723575
old	oldest	1.5201963673918255
simplest	easiest	6.229405143833777
young	weird	-0.32300157831091
long	longest	2.217916971461947
big	strange	-0.4133395453562927
slowest	biggest	1.5150105243538696
occasional	occasionally	0.47676622498963667
fast	fastest	2.761936736198489
bright	sweet	1.6982813360765343
apparent	apparently	0.1609656148066882
oldest	luckiest	None
long	sweet	0.374871440536115
hot	hotter	3.4134840777823463
lowest	sweetest	None
wide	widest	5.1347699279214005
bad	high	-0.4342192846843485
coldest	darkest	4.2872524017938725
tall	tallest	5.0018148182241156
long	longer	1.071810351521667
strangest	greatest	None
dark	cold	2.028570068221084
melon	melons	7.494336064155442
bright	brightest	3.486630469788077
spent	enhanced	-3.8675932339184227
increasing	increased	1.7850823309303367
consistent	inconsistent	4.103701153447879
describing	thinking	1.0411332866185594
looking	looked	0.9840746359404261
old	older	0.8590228670595285
slowed	hit	0.4911775269548058
increasing	sitting	-1.2016182677382332
took	walked	-0.10346639460187239
generating	playing	-1.644155268249923
implementing	implemented	2.1256316614921373
new	newer	-0.14008316657443795
Chile	Chilean	5.760723051228269
implementing	spending	0.3502094166765591
said	struck	0.560722339170683
enhancing	enhanced	1.838666203040477
usual	usually	0.7571246973371254
hitting	predicting	None
slowed	flew	None
decreasing	decreased	3.2582595291617924
increasing	predicting	-0.30240641344963143
hitting	hit	1.7288875138502557
walked	predicted	None
China	Chinese	3.1749723246166512
sitting	sat	1.479672871477283
weird	weirdest	None
generating	shrinking	None
decreased	looked	-1.2351585517980193
read	shrank	None
road	roads	2.5713921453086304
slowing	slowed	3.6201575014850502
vanishing	looking	0.7354586834125546
knowing	singing	-1.3482734252105675
fed	wrote	-1.3898152170740319
bad	worst	2.4646057434665547
seeing	saw	0.09037080242737024
paid	predicted	-2.4769492874451613
sleeping	slept	4.085007933884204
informative	uninformative	8.81967359239901
reading	striking	-0.913640375629209
looked	wrote	-0.7773074614734828
describing	screaming	-0.3882918853555923
run	running	1.6456047282842696
flying	flew	3.4810617494813667
generating	generated	2.892926807132176
walk	walking	2.926468917365059
fed	played	-0.5150644284832891
hitting	predicting	None
writing	wrote	1.9056823792291704
hitting	dancing	None
thought	sang	-0.07237769837509786
dark	darkest	2.568385369919473
immediate	immediately	0.603832749589145
sold	slept	-0.7722415959801145
walking	walked	1.9205408779989954
knowing	increasing	-0.7245592898629225
implementing	seeing	-0.7042564588486224
spent	ran	-1.7131932731136343
free	freely	1.503580648661438
falling	fell	0.19116668384767221
feeding	fed	3.0697378258267234
paying	flying	0.010254267199417987
sit	sits	1.6166198409493941
took	slept	-0.07720352738216843
reading	flying	-0.5393245694599836
predicting	predicted	3.15517201971291
strong	strongest	1.3099815411624305
slowed	wrote	-2.863942052303247
read	hid	-0.015094474880563853
reading	thinking	1.7759328078523626
knowing	knew	1.982263979571408
wide	widest	5.1347699279214005
running	ran	1.7034649779164885
vanished	played	-1.7164681958690855
writing	thinking	1.5230259959477699
bright	brighter	3.6932605542234986
spent	enhanced	-3.8675932339184227
bright	brightest	3.486630469788077
taking	took	-0.5971996123359984
increasing	flying	-0.5258049261612112
thinking	thought	1.9003731494086131
sleeping	swimming	0.5325989316424112
quick	quicker	3.3690857098638234
read	jumped	0.003982849449134318
vanishing	vanished	4.15784377169084
paying	flying	0.010254267199417987
knew	enhanced	None
cloud	clouds	4.690314403420693
knowing	hiding	2.105333535345421
walked	saw	1.5708114193915457
playing	played	1.6821908614176848
warm	warmer	3.900301960902249
screaming	screamed	2.884322387188637
slowed	described	-2.1706266301479284
apparent	apparently	0.1609656148066882
moving	hiding	0.6963329919716855
Poland	Polish	4.024504746976465
listening	listened	2.550068829043352
took	saw	-0.4413464695361743
implementing	shrinking	1.9695218735065216
listening	feeding	-1.0345761324449878
describing	described	0.23763598819480994
took	enhanced	-1.643297411450547
sing	sings	2.45899665453331
India	Indian	2.7867904783464383
read	ran	-0.3976321248552397
knowing	striking	0.1737530807330175
paying	paid	2.0046634037465694
amazing	amazingly	None
singing	sang	2.4038318805494208
took	jumped	-0.11509214927092462
sleeping	predicting	None
thought	walked	0.4824558363287228
jumping	increasing	0.2934244810245328
write	writes	1.6241481353223537
swimming	swam	4.44019697123869
sleeping	striking	-1.103463139105751
selling	sold	1.53796114996423
usual	usually	0.7571246973371254
decreased	described	-1.0304073000123313
jumping	increasing	0.2934244810245328
dollar	dollars	4.1096997722114725
reading	read	2.061032752904835
fell	looked	0.011963242063465662
dancing	danced	4.082572652190604
hitting	swimming	-0.8897589654250088
free	freely	1.503580648661438
thought	ran	-0.5175805341153964
moved	shrank	-0.7394100185286223
jumping	jumped	3.155201214906839
eye	eyes	2.5069571682121543
knowing	enhancing	None
sing	sings	2.45899665453331
thought	slept	1.3231671712073372
saying	said	0.6558442391924801
going	singing	0.3472394405061281
implementing	playing	-2.3161613875905025
France	French	2.4445606682057526
going	went	-0.04986720245301949
fed	sang	None
decreasing	swimming	-0.9320636751698858
hard	harder	3.429018554328219
shrinking	shrank	None
slowed	hid	None
Mogadishu	Somalia	8.096379873231841
prince	stepfather	-0.4104641070576161
uncle	aunt	5.365615573074735
wife	mother	2.385392174942078
Oslo	Norway	6.245446187919168
grandfather	grandmother	4.546346165777039
he	husband	-1.181000736575154
she	daughters	0.8252452515962051
grandma	queen	1.7622649817376776
nephew	nephew	None
Nigeria	naira	6.124428076987967
husband	wife	3.6432273048561417
stepfather	stepmother	5.049272739991455
Quito	Ecuador	7.903441971346103
father	stepson	1.229541596981916
bride	aunt	1.8437688667493284
stepdaughter	aunt	3.255993371281102
grandpa	grandma	8.441581184903052
grandson	grandson	None
Sweden	krona	3.9439232927409265
stepbrother	husband	1.6699836357927096
stepdaughter	mother	1.4310843094363082
policeman	policewoman	6.157151011728678
Hanoi	Vietnam	6.265661676559612
Anchorage	Alaska	7.272824461005291
father	stepfather	2.417951805981282
grandmother	daughter	2.4158037391976475
boy	girl	4.2565234981313
groom	bride	7.064461931082008
India	rupee	3.6251674593850938
wife	daughter	3.936832386764347
policeman	son	0.8439887275831919
bride	mother	2.170960777203746
Madrid	Spain	5.346919432747819
his	her	-0.15987353707776006
grandpa	groom	None
dad	mom	5.829372133612631
Iran	rial	4.636241574205376
niece	her	1.886841122740481
uncle	husband	1.2224318929366464
stepbrother	dad	None
wife	policewoman	1.3881283513408533
Garland	Texas	3.69184416730076
stepson	stepdaughter	8.110435661868815
grandson	granddaughter	4.523074637829009
policeman	king	-0.5360954452997214
she	daughter	1.5941870788261288
Rome	Italy	4.452784686626158
nephew	niece	5.170208274978066
Kabul	Afghanistan	6.776949387205483
he	his	1.3316483714497527
stepmother	daughters	3.410302848387606
boy	brothers	0.3463044038696147
Denmark	krone	4.690451009698493
sister	aunt	3.257253271104104
son	daughter	3.1929813854483684
Ukraine	hryvnia	6.5992689877285935
father	king	1.5218138376407302
prince	princess	4.607400250790926
she	mother	1.2115245934597623
Lilongwe	Malawi	9.103244078886258
woman	princess	0.8155191255659161
king	queen	3.484333969574027
nephew	his	1.061663246926953
he	she	-0.6122307783406842
Indianapolis	Indiana	6.340563693176033
niece	granddaughter	4.638974590408874
boy	king	0.2581828074924188
man	woman	3.4816735728290373
prince	husband	0.6283869794961171
stepmother	princess	2.935736082677727
Tripoli	Libya	7.333570045970693
nephew	stepfather	1.6408400129151233
Tallinn	Estonia	7.4847563593301185
stepmother	daughter	2.805076045258415
brother	sister	3.7708648867492216
Tunis	Tunisia	7.77546993789513
stepsister	granddaughter	None
uncle	groom	2.076570337188615
brothers	sisters	5.541519112146101
sister	granddaughter	2.0880625762095013
stepbrother	stepsister	9.686776354407634
father	brother	2.3818886533965338
Jacksonville	Florida	5.671408833205662
singing	sang	2.4038318805494208
Moldova	Israel	1.7681632999727508
Macedonian	Polish	2.1094441717264147
Brazil	Brazilian	4.251577922992866
Poland	Spain	2.5001181457015202
implement	implementing	2.0806601922389802
Moldova	Moldovan	6.784827019950236
Macedonian	Thai	0.46405308884497665
Moldovan	Thai	None
playing	played	1.6821908614176848
Portugal	Portuguese	4.265469420196075
Peru	Colombia	4.755378141405598
France	Netherlands	2.9395163371817787
Swedish	Danish	3.9636172901672757
Japan	Japanese	2.8319760753773418
melon	melons	7.494336064155442
easy	easier	1.5936715513697504
China	Chinese	3.1749723246166512
Austrian	Peruvian	0.10758252859355277
Italy	Spain	3.7168978003968336
talk	talks	1.5436573814285033
Iceland	Chile	1.1725294210987263
Australia	Australian	2.9606379906130638
Spanish	Chinese	1.7726234816699822
Ireland	Irish	3.6816620446769037
Chilean	Danish	0.2723004918180546
seeing	saw	0.09037080242737024
Poland	Israel	1.4217984652268356
play	plays	0.5504888449890433
Israel	Israeli	4.211287298189897
Bulgaria	Austria	1.9992706392462545
Macedonian	Maltese	3.255551308708228
Portugal	Korea	1.6133651455932962
generate	generating	2.72687998178409
Swedish	Polish	1.8713155547583427
England	English	1.6524474879060786
Thailand	Thai	5.162623247062998
Macedonia	China	-0.007340407517788625
swim	swimming	4.119577096267014
Icelandic	Croatian	0.48313744291741983
Chilean	Dutch	0.04858645021125317
Slovakia	Slovakian	5.662921275818444
paying	paid	2.0046634037465694
Norway	Malta	1.912231659628743
increase	increases	3.0816620333470603
Moldovan	French	-1.9593808732160942
Slovakia	Moldova	3.174335545362
Austria	Austrian	4.015125036001887
England	Switzerland	1.2943121270157347
logical	illogical	5.5219339920907125
Icelandic	English	1.8090880353553114
Denmark	Danish	4.381112969873697
England	India	0.8133728046851421
Macedonian	Polish	2.1094441717264147
Chile	Chilean	5.760723051228269
predict	predicts	2.9978695189205085
Iceland	Icelandic	5.723757381842722
think	thinking	2.1807260308658303
Moldova	Japan	-0.7203660383239872
Macedonian	Irish	None
Portuguese	Thai	1.8085674598094545
old	older	0.8590228670595285
Poland	Netherlands	1.5365103810954215
Macedonia	Macedonian	6.086070021198252
Croatia	Croatian	5.25826941764983
Portuguese	Cambodian	1.0546083101790622
jumping	jumped	3.155201214906839
England	Ukraine	-0.2398378746662699
Albania	Albanian	5.69656923203429
typical	typically	1.3361130314526037
Spanish	Swiss	0.9811860932995203
Norway	Croatia	1.4036496470548354
Peru	Peruvian	5.388560753533453
onion	onions	6.335438571815372
France	Netherlands	2.9395163371817787
Argentinean	Australian	0.02384570292852215
Australia	Egypt	0.4723587576263522
Spanish	Peruvian	2.2363311185303525
Russia	Russian	3.0252000570509763
describe	describing	0.9107068542268247
Germany	German	2.4134690584158047
mango	mangoes	7.078824530739282
England	Albania	-0.35221812886756926
Belorussian	Brazilian	2.7385671524441264
Ukrainian	Chinese	0.31207170320684957
France	French	2.4445606682057526
selling	sold	1.53796114996423
Poland	Sweden	2.9186768350624837
Moldova	Moldova	None
eagle	eagles	3.199943768965716
Portuguese	Irish	0.22716169465864533
Italy	Italian	2.982473119361476
known	unknown	0.8585597931996158
Portuguese	Slovakian	3.996598738849072
Cambodia	Albania	1.2164494662058665
Netherlands	Dutch	3.7549520389343995
Argentina	Argentinean	4.554175726730449
smart	smarter	5.582892209581044
Bulgarian	Cambodian	2.1504566194419503
Cambodia	Ukraine	0.2283508143068588
Spanish	Colombian	1.926813076177045
Cambodia	Cambodian	6.234303710258188
Macedonia	Chile	-0.7949052682718024
competitive	uncompetitive	4.703807415655104
Colombia	Colombian	5.497433415425408
high	highest	0.5203583034737265
Macedonia	Ireland	1.0060918114387294
Japanese	French	0.7036985399153396
read	reading	1.826374140659168
Greece	Greek	3.7242521132336566
Albanian	Croatian	3.2541763958993584
Ireland	Netherlands	2.6490481764880998
tough	tougher	4.331435373424001
Spain	Spanish	3.2001106690114645
Iceland	Albania	1.14796328057024
Argentinean	Swiss	None
Belarus	Egypt	1.7232144953354407
Argentinean	German	0.21761703202252158
Sweden	Swedish	4.233824837085925
playing	played	1.6821908614176848
Greek	Chinese	0.7574369781131336
bright	brighter	3.6932605542234986
Bulgaria	Egypt	2.153837746886063
Mexico	Mexican	4.009820792956204
Bulgarian	Cambodian	2.1504566194419503
Ukraine	Ukrainian	5.108911524307505
Italy	Egypt	1.8978124428119085
logical	illogical	5.5219339920907125
go	going	0.6863963917412438
Russian	Thai	1.1864664819891986
India	Indian	2.7867904783464383
Cambodia	Israel	0.21565053019660482
Moldova	Greece	1.940028525434663
read	reading	1.826374140659168
Norwegian	Brazilian	0.44425068696255515
Belarus	Belorussian	4.852997573118066
Thailand	Colombia	1.3807238725654136
Norwegian	Dutch	1.3630789355731108
Switzerland	Swiss	4.436438874837648
comfortable	uncomfortable	3.599698902584457
sit	sitting	2.3261926977760328
Poland	Polish	4.024504746976465
Austrian	Indian	-2.4910167162875956
England	Brazil	0.2624145572055673
Cambodia	Japan	1.6227170625502507
Norway	Norwegian	4.368544857169796
hard	harder	3.429018554328219
Albanian	English	1.561630718994427
Houston	Texas	5.1396656440200115
Louisiana	Tennessee	2.137876874112143
Sweden	krona	3.9439232927409265
Mesa	Plano	None
Lexington	Kentucky	6.579870011778197
Tulsa	Miami	0.7561607239768146
Colorado	California	1.5463510915645835
sons	daughters	6.302773121591718
king	queen	3.484333969574027
Lubbock	Texas	5.673259923124938
Denver	Irving	0.3449025915123089
Colorado	Indiana	2.2822588181490873
Angola	kwanza	5.608684679082179
Baltimore	Madison	-0.8042831471216338
Kentucky	Oregon	0.6017324527757265
Phoenix	Arizona	6.1634031917869745
Argentina	peso	3.2047168663008154
Ohio	Nevada	0.33262669928582134
Hialeah	Florida	5.770506529204959
Tallahassee	Garland	None
Florida	Pennsylvania	0.28764307105265924
Minneapolis	Minnesota	6.59762301402308
India	rupee	3.6251674593850938
Baltimore	Cincinnati	2.7194185818023584
Sweden	krona	3.9439232927409265
Michigan	Indiana	3.0480571960916283
Oxnard	California	5.325555754042335
Fremont	Bakersfield	2.579464679805543
Alaska	California	2.745105549128702
Indianapolis	Indiana	6.340563693176033
Macedonia	denar	6.502225893130812
Nashville	Honolulu	0.2325512293314475
Hawaii	Pennsylvania	-0.369261602661745
Seattle	Washington	5.18360091573302
Orlando	Anaheim	2.6619792684981882
Croatia	kuna	4.985833695725579
Cleveland	Irving	0.8352770905994683
Boston	Massachusetts	5.304585204489797
Alaska	Georgia	1.578364838368593
brothers	sisters	5.541519112146101
Toledo	Ohio	5.600254117215545
Hawaii	Pennsylvania	-0.369261602661745
Minneapolis	Memphis	0.9172047024396192
grandson	granddaughter	4.523074637829009
Pittsburgh	Pennsylvania	5.25246565360537
Alaska	Indiana	0.9866564687405516
prince	princess	4.607400250790926
Wichita	Madison	-1.3690782152566452
dad	mom	5.829372133612631
Henderson	Fresno	None
Louisiana	Tennessee	2.137876874112143
Mesa	Arizona	5.658592375371934
Romania	leu	4.758630764210357
Detroit	Michigan	5.526205207120912
Florida	Nevada	1.6421649845251003
Plano	Akron	None
Akron	Ohio	5.9719159454471304
nephew	niece	5.170208274978066
Michigan	Wisconsin	3.076643125418608
Tulsa	Madison	None
Canada	dollar	0.7607807576257563
Tulsa	Oklahoma	6.915089396145744
Nashville	Glendale	None
Nebraska	Kansas	3.7298406539012237
Garland	Tampa	None
Nebraska	Pennsylvania	1.1475747366241236
Cambodia	riel	None
Nashville	Tennessee	6.6052085309228925
Hawaii	Nevada	3.126146897467231
Argentina	peso	3.2047168663008154
Cleveland	Ohio	5.45616408175665
Hialeah	Spokane	None
Colorado	Maryland	1.3153101545681114
Wichita	Kansas	6.526055330442155
Pittsburgh	Reno	-0.7472420737930541
husband	wife	3.6432273048561417
Kentucky	Maryland	3.446822527247842
Scottsdale	Arizona	7.162817413561005
Chicago	Tampa	1.9821728749567546
Romania	leu	4.758630764210357
Tallahassee	Miami	2.5875746950948195
prince	princess	4.607400250790926
Oklahoma	Pennsylvania	2.676349497884674
Modesto	California	5.078649274571225
Hawaii	Nevada	3.126146897467231
Croatia	kuna	4.985833695725579
Plano	Texas	5.443525527509986
Chandler	Irving	2.0396805806978158
Bulgaria	lev	2.2664619565427357
Oklahoma	Nevada	1.0855179980039469
Tallahassee	Florida	6.021700043926172
Orlando	Irvine	None
Indianapolis	Irvine	None
his	her	-0.15987353707776006
Chandler	Arizona	4.544556603573281
Michigan	Oregon	1.1570661828617859
Florida	Indiana	2.3095362648161055
grandpa	grandma	8.441581184903052
Mesa	Arizona	5.658592375371934
Omaha	Cincinnati	0.4854634827997817
Alaska	Maryland	0.26349562041811125
Cleveland	Madison	-0.297928177679859
Bulgaria	lev	2.2664619565427357
Huntsville	Alabama	6.943343165733354
Nebraska	Oregon	2.1982778346642418
Tacoma	Oxnard	None
Amarillo	Texas	5.700338038445313
Thailand	baht	5.480395421524595
Ohio	Massachusetts	0.3516692876906558
Detroit	Madison	0.5092726937112743
Bakersfield	California	5.050880783501727
Poland	zloty	3.513316156583101
Madison	Wisconsin	5.517676765347777
Russia	ruble	3.682206081031369
Washington	Kansas	0.7851628915361758
Seattle	Sacramento	2.3016062717359658
Tacoma	Washington	5.715605101098961
Lubbock	Anaheim	None
Michigan	Georgia	0.313988311871988
Denmark	krone	4.690451009698493
Louisiana	Nevada	2.8012174094675277
Fremont	California	4.0656284271112835
uncle	aunt	5.365615573074735
Omaha	Garland	None
Milwaukee	Wisconsin	6.286847855582642
Tucson	Spokane	3.0807630609881578
Minnesota	Indiana	1.4311662262131544
grandson	granddaughter	4.523074637829009
Alabama	Illinois	1.8740363783576797
Louisville	Kentucky	6.705833880324561
he	she	-0.6122307783406842
Fontana	Akron	None
Romania	leu	4.758630764210357
Nebraska	Indiana	1.439353758400483
Arlington	Fresno	-0.1214383979295437
Dallas	Texas	5.191645628897672
Michigan	Wisconsin	3.076643125418608
Tampa	Florida	5.563984777047843
Fremont	Huntsville	None
stepfather	stepmother	5.049272739991455
Fremont	Huntsville	None
man	woman	3.4816735728290373
Alaska	Kansas	0.9754268259732328
Glendale	California	5.0216039830381725
Ukraine	hryvnia	6.5992689877285935
Henderson	Nevada	4.777092553860432
Wichita	Atlanta	0.0916599631924008
Kentucky	Indiana	3.219933188635917
Minnesota	Texas	0.9808895728522304
Shreveport	Louisiana	7.112067119797957
Tacoma	Plano	None
Macedonia	denar	6.502225893130812
Mexico	peso	3.3281033879922273
Tallahassee	Atlanta	2.686153070491976
Glendale	Arizona	5.588759498626035
Ohio	Indiana	3.2999202981775944
he	she	-0.6122307783406842
Indianapolis	Madison	1.8304368162143947
Reno	Nevada	7.337212787691235
Michigan	Kansas	0.9325214045981589
Louisiana	Pennsylvania	0.11467206997938248
his	her	-0.15987353707776006
Anaheim	California	5.028364447531093
Tallahassee	Austin	1.597877923099063
Hawaii	Arizona	1.577191588867752
Memphis	Tennessee	6.443242239762532
Cleveland	Dallas	2.2910773518180605
Malaysia	ringgit	6.082029132143452
Ohio	Arizona	0.3132941848796601
Indianapolis	Tampa	2.048769520291961
Baltimore	Maryland	6.1460530945351755
grandfather	grandmother	4.546346165777039
Mesa	Memphis	None
Michigan	Indiana	3.0480571960916283
grandson	granddaughter	4.523074637829009
Cincinnati	Ohio	5.643912716418083
Oklahoma	Indiana	0.89254190163395
policeman	policewoman	6.157151011728678
Boston	Garland	-1.2471960995477656
Laredo	Texas	5.344722433407403
Wichita	Irving	None
Oklahoma	California	0.5356945879751146
Argentina	peso	3.2047168663008154
Austin	Texas	5.159162113034991
policeman	policewoman	6.157151011728678
Tulsa	Madison	None
Hawaii	Wisconsin	0.28539748335497267
Spokane	Washington	5.557471426197305
Philadelphia	Pennsylvania	5.225059089120856
Washington	Massachusetts	0.6077142885921661
Arlington	Irvine	0.8664560001689359
Mexico	peso	3.3281033879922273
Nebraska	Texas	1.8629163407152463
Hialeah	Oxnard	None
Worcester	Massachusetts	5.675048738758882
Japan	yen	3.0271732492822925
Akron	Ohio	5.9719159454471304
Toledo	Shreveport	0.6261919651754407
Minnesota	Massachusetts	-0.08589549860314004
brothers	sisters	5.541519112146101
Portland	Louisville	1.6060728599627752
Jacksonville	Florida	5.671408833205662
Denmark	krone	4.690451009698493
Alabama	Georgia	3.953524884266105
Henderson	Anaheim	-0.21201486165466965
Nebraska	Kansas	3.7298406539012237
Atlanta	Georgia	5.930600925880682
India	rupee	3.6251674593850938
Chicago	Illinois	5.2131544755954
Minnesota	Pennsylvania	0.95003530245025
Portland	Phoenix	1.9591048683185024
Japan	yen	3.0271732492822925
Modesto	Irving	None
policeman	policewoman	6.157151011728678
Washington	Indiana	1.2090740711804524
Tucson	Arizona	7.02297885684598
Portland	Oregon	6.515691655045156
father	mother	3.3628309796453917
Seattle	Honolulu	2.2212371044591177
Ohio	Nevada	0.33262669928582134
Baltimore	Stockton	-0.8227777147231482
Bulgaria	lev	2.2664619565427357
Minnesota	Illinois	1.6229069813055836
Arlington	Texas	4.461323646057389
Irving	Texas	3.78851385689214
Pittsburgh	Shreveport	0.9018785276596571
Vietnam	dong	3.847185263594106
Nebraska	Pennsylvania	1.1475747366241236
Florida	Pennsylvania	0.28764307105265924
Omaha	Nebraska	7.278420899448292
brothers	sisters	5.541519112146101
Hialeah	Huntsville	None
Denver	Colorado	6.445625746822861
Tucson	Akron	1.0659667584026256
Poland	zloty	3.513316156583101
California	Arizona	2.8020529717325746
Fresno	California	5.001293062228686
Oklahoma	Illinois	0.8628181489657559
prince	princess	4.607400250790926
Minneapolis	Dallas	2.052648339192497
Orlando	Florida	5.718195375504953
Washington	Indiana	1.2090740711804524
Seattle	Scottsdale	1.858744406372899
uncle	aunt	5.365615573074735
Miami	Florida	5.2782400805042515
Ohio	Georgia	0.3737815465456218
Modesto	Bakersfield	3.668445569387278
Vietnam	dong	3.847185263594106
Mexico	Sweden	0.8193449959862045
Canberra	Australia	4.356258785903418
lats	naira	None
Croatia	kuna	4.985833695725579
rial	ruble	None
Glendale	California	5.0216039830381725
Romania	India	-0.09629268948290191
Hungary	forint	6.22976662517715
USA	Poland	0.1372182064352486
Nigeria	naira	6.124428076987967
lev	leu	5.092511996056992
Berlin	Germany	4.109542811022554
Berlin	Germany	4.109542811022554
Thailand	Malaysia	4.939881616129982
riel	peso	None
Korea	won	0.660367963622664
Belmopan	Belize	8.752307882432527
Argentina	peso	3.2047168663008154
riel	ringgit	None
Latvia	Sweden	2.7378145324370515
Bulgaria	Croatia	4.697228596169218
uncle	aunt	5.365615573074735
yen	zloty	None
India	rupee	3.6251674593850938
ringgit	denar	None
Vietnam	Japan	1.363473759204219
Angola	kwanza	5.608684679082179
Austin	Texas	5.159162113034991
Ukraine	hryvnia	6.5992689877285935
Bulgaria	India	0.2903795240178071
uncle	aunt	5.365615573074735
dong	ruble	None
Oslo	Norway	6.245446187919168
Poland	Poland	None
lev	leu	5.092511996056992
Algeria	dinar	2.437720932908086
Latvia	Ukraine	3.779295644573964
Brazil	real	-0.568033428420991
Spokane	Washington	5.557471426197305
hryvnia	peso	None
kwanza	baht	None
policeman	policewoman	6.157151011728678
Armenia	dram	3.7815394957109687
Bulgaria	Macedonia	5.050480770525363
Thailand	baht	5.480395421524595
Dallas	Texas	5.191645628897672
rial	zloty	None
Macedonia	Angola	1.5706689285971631
Malaysia	ringgit	6.082029132143452
Romania	Brazil	0.9838071136218112
yen	forint	None
Tampa	Florida	5.563984777047843
yen	peso	3.773265814889567
Bulgaria	Malaysia	0.6909371806063438
Bern	Switzerland	6.485308841176021
Lithuania	litas	6.371944189221752
rupee	ruble	4.877742790457428
Mexico	peso	3.3281033879922273
Canada	Macedonia	-0.5121303366275011
Moscow	Russia	4.961402834226487
stepson	stepdaughter	8.110435661868815
Vietnam	dong	3.847185263594106
riel	euro	None
Romania	Sweden	2.847660561805732
krone	peso	5.521804549555847
Havana	Cuba	7.580593881826107
Algeria	Iran	2.613694059010932
Latvia	lats	6.422444864047639
kuna	leu	None
grandpa	grandma	8.441581184903052
Romania	Angola	0.17138635959637857
Europe	euro	1.0082428638486862
Cleveland	Ohio	5.45616408175665
Lithuania	Poland	3.9474381921053037
Bulgaria	lev	2.2664619565427357
riel	dinar	None
yen	won	0.4748839800797016
USA	dollar	0.4851830256987798
he	she	-0.6122307783406842
Europe	India	0.9534739698150848
Havana	Cuba	7.580593881826107
krone	dinar	7.140866277974566
Macedonia	denar	6.502225893130812
Hungary	Nigeria	0.642839574486039
litas	peso	None
grandson	granddaughter	4.523074637829009
Iran	rial	4.636241574205376
Thailand	Macedonia	0.009501295426699034
Hungary	Japan	1.8020211742929562
Canada	dollar	0.7607807576257563
kuna	leu	None
king	queen	3.484333969574027
dollar	lev	0.5997761977867555
Madrid	Spain	5.346919432747819
Bulgaria	Croatia	4.697228596169218
Sweden	krona	3.9439232927409265
Kampala	Uganda	8.433309011405575
litas	dram	None
Poland	zloty	3.513316156583101
Latvia	Japan	0.16002014994143898
kuna	euro	7.840629012675645
Cairo	Egypt	6.298179707404958
USA	Croatia	0.46903728835682984
Japan	yen	3.0271732492822925
Macedonia	Angola	1.5706689285971631
Cambodia	riel	None
Kathmandu	Nepal	7.684410802164434
hryvnia	dram	None
sitting	sat	1.479672871477283
sing	walk	1.0496620616477037
sits	listens	4.9482092622879605
implement	implements	2.017108819623772
shuffles	listens	None
sit	sits	1.6166198409493941
eat	scream	0.5123227886464737
looking	looked	0.9840746359404261
goes	swims	2.11293607854679
estimate	estimates	3.5461075801993824
sit	see	-0.10826202914183627
safe	safer	2.8744297114126276
work	works	0.38483258517005636
eat	slow	0.4820943891128723
increases	predicts	None
productive	unproductive	6.338709482675058
speaks	plays	-0.13504283095556857
think	describe	0.22321427167254146
shuffle	shuffling	7.269155793890251
slow	slows	3.260811982175769
writes	listens	1.6239960989100628
think	thinks	2.473197261464491
generate	say	-2.808110376436493
writing	wrote	1.9056823792291704
lion	lions	3.5712208725559527
sing	vanish	None
write	writes	1.6241481353223537
screams	listens	3.497169077360287
decreases	eats	None
find	finds	1.1969025612513622
describe	see	-0.13159202723629915
bird	birds	3.3586315237995805
go	search	2.1327700328947934
say	says	1.5675578478233907
decreases	estimates	1.1487048896045888
pear	pears	6.919367433658597
Slovakia	Slovakian	5.662921275818444
enhance	enhances	1.6141722228001025
speaks	sees	2.300184878101393
decrease	slow	1.3978302402509735
sure	unsure	2.1229443806602615
decrease	decreases	4.027439542954732
enhance	see	-0.5276592721026467
goes	estimates	-0.4269750419579827
scream	screams	4.225197090809832
big	biggest	0.9770626344910811
generate	find	-0.1662370469975533
speaks	describes	1.0168435400723164
enhance	scream	None
decreases	talks	None
provide	provides	-0.020819208201384484
Ireland	Irish	3.6816620446769037
provide	scream	-1.1645793150529173
decreases	walks	None
fly	flying	2.5369664737870568
swim	swims	5.379779555313714
walk	walks	2.466103242237551
enhances	predicts	None
most	mostly	-0.5726962529886419
go	play	1.3941333221244807
play	plays	0.5504888449890433
decrease	increase	4.2894402493136345
speaks	walks	1.7791353132793608
woman	women	0.8294582661399352
talk	talks	1.5436573814285033
Moldova	Moldovan	6.784827019950236
goes	describes	-0.04021970538540877
think	see	0.7894122273161882
efficient	efficiently	1.4589895432956
decreases	listens	None
sit	slow	0.5058276408238102
generate	generates	2.9038991110018157
look	looking	1.202426714886192
increase	increases	3.0816620333470603
provide	predict	0.0887217831102123
writes	talks	0.9665678608887904
enhance	predict	1.5750498187418085
warm	warmest	4.438821922080558
vanish	vanishes	6.343380624993197
decreases	shuffles	None
eat	swim	1.9952307815949137
rapid	rapidly	0.9213704359932119
describe	describes	0.7740534801616779
provides	plays	-0.9902137613174423
sing	see	-0.7527586278210946
decreasing	decreased	3.2582595291617924
provides	estimates	1.8817207603609631
search	searches	4.230192641631179
pleasant	unpleasant	6.13524063178868
sing	sings	2.45899665453331
provide	vanish	None
enhances	walks	None
sleeping	slept	4.085007933884204
searches	shuffles	None
work	describe	-0.6751762184300213
speak	speaks	3.587390980476375
provide	search	1.1113395025920547
listen	listens	3.0641299829671387
speaks	eats	2.1449524143411636
efficient	efficiently	1.4589895432956
cloud	clouds	4.690314403420693
sits	estimates	None
sing	scream	1.348180401212199
eat	eats	4.0150586756162445
shuffles	predicts	None
see	sees	0.2693014122410586
write	walk	-0.4805833676327253
fortunate	unfortunate	5.361576880774825
immediate	immediately	0.603832749589145
apparent	sudden	1.444208564611754
selling	sold	1.53796114996423
rarely	infrequently	2.9535437459692284
rare	rarely	1.1454336620997112
professionally	infrequently	None
precise	safe	0.6635124866181674
England	English	1.6524474879060786
fast	faster	3.1069806512569342
happy	usual	0.41844308462248375
most	mostly	-0.5726962529886419
immediately	amazingly	0.9396721426445296
rapid	rapidly	0.9213704359932119
eagle	eagles	3.199943768965716
furious	complete	-0.10325448430700737
typically	amazingly	None
child	children	2.129899974739456
furiously	unfortunately	None
reluctant	immediate	-0.29876682499576285
lucky	luckily	3.404445733443789
infrequent	infrequently	None
efficiently	safely	4.901574381379713
fortunate	fortunate	None
tall	tallest	5.0018148182241156
slow	slowly	1.7172002751772715
hitting	hit	1.7288875138502557
quietly	luckily	None
cheerful	calm	3.4770600850710855
swiftly	reluctantly	1.4370514244588228
fortunate	rapid	-0.2618678152252786
rational	irrational	7.557332347644738
apparent	apparently	0.1609656148066882
young	youngest	0.24519861126671605
cheerful	lucky	2.4193047529545635
precisely	fortunately	None
quick	quickly	1.1880486862258066
typical	typically	1.3361130314526037
precisely	occasionally	-0.6972350679588201
Austria	Austrian	4.015125036001887
unfortunate	sudden	None
tight	tighter	2.975813483507302
efficiently	slowly	1.4410891672391655
free	freely	1.503580648661438
amazing	sudden	-0.46746732288110154
professionally	luckily	None
fast	faster	3.1069806512569342
quiet	quietly	1.499548256348229
cheerful	fortunate	None
swift	swiftly	0.3076455840200929
paying	paid	2.0046634037465694
fortunate	lucky	3.8708789377208506
furiously	fortunately	None
possible	possibly	0.3900260349154386
safe	safer	2.8744297114126276
apparently	rapidly	0.09186015237052896
amazing	complete	0.09702086230909325
usual	usually	0.7571246973371254
quickly	luckily	0.451432998757367
convincing	unconvincing	2.7486935446856102
professional	occasional	0.1333492631507205
professionally	efficiently	2.579726617838901
dollar	dollars	4.1096997722114725
fortunate	complete	0.8209428443228349
obvious	obviously	1.1481133299665396
calmly	occasionally	0.5592534593979
infrequent	immediate	0.7592562468187091
furious	furiously	None
sharp	sharpest	4.139277327700613
calm	calmly	3.488918975286717
happy	fortunate	2.6716043870056887
swiftly	infrequently	None
fortunate	unfortunate	5.361576880774825
rarely	occasionally	1.8939475026374766
professional	professionally	1.7094530399526247
infrequent	lucky	None
weird	weirdest	None
precise	lucky	None
immediately	happily	-0.37168983974721276
cheerful	cheerfully	5.071616672184031
bad	worse	5.020629693927235
high	higher	0.9219136255858076
unfortunate	unfortunately	None
infrequent	rare	2.943648392162931
suddenly	reluctantly	0.12536463234164694
professionally	infrequently	None
happy	sudden	1.060351043796552
occasional	occasionally	0.47676622498963667
looking	looked	0.9840746359404261
amazing	lucky	1.2298181039307354
typically	slowly	1.206302526945822
fortunate	fortunately	4.214163705808895
swim	swims	5.379779555313714
cheerfully	slowly	2.137624113843153
most	calm	-0.40239262102060225
eye	eyes	2.5069571682121543
safe	safely	1.2939609585484158
unfortunate	safe	-0.2025475979638371
rarely	fortunately	None
precise	precisely	2.6131867691368966
write	writing	1.038723746523993
swiftly	infrequently	None
most	usual	-0.6894634367297511
swim	swims	5.379779555313714
sudden	suddenly	2.0920314769393427
serious	seriously	1.4508454028163933
furious	calm	2.004249702532066
apparently	infrequently	0.6294429955096119
generate	generates	2.9038991110018157
Chile	Chilean	5.760723051228269
unfortunate	usual	None
happy	happily	2.1111650936589554
quickly	slowly	1.809161241007758
decided	undecided	1.9383900334182596
most	lucky	-0.8196729619602305
professionally	occasionally	0.8540628960909102
complete	completely	0.24871811229178767
Moscow	Russia	4.961402834226487
Cambodia	riel	None
Canberra	Athens	-1.6621225847058392
Australia	Japan	1.9186501008696306
Egypt	Finland	2.379858196670199
Ottawa	Canada	4.152695295539278
grandfather	grandmother	4.546346165777039
Cairo	Islamabad	2.8631705555814597
Stockholm	Sweden	6.232981107800705
Islamabad	Hanoi	3.1217643421688486
France	Greece	2.907007417088837
Brazil	real	-0.568033428420991
Germany	Sweden	2.8321332127395755
Japan	yen	3.0271732492822925
Rome	Madrid	2.6504055490056087
Islamabad	Pakistan	6.355100074507415
son	daughter	3.1929813854483684
Helsinki	Beijing	1.0436874350271135
Germany	China	1.086157724082191
Rome	Italy	4.452784686626158
Moscow	Berlin	1.8958192605959843
Iran	rial	4.636241574205376
Hanoi	Vietnam	6.265661676559612
England	China	-0.3450784806048291
groom	bride	7.064461931082008
Madrid	Spain	5.346919432747819
Helsinki	Athens	1.441375639774189
Norway	Greece	1.937944348348978
Paris	Stockholm	2.254131550165494
stepbrother	stepsister	9.686776354407634
Bern	Switzerland	6.485308841176021
England	Afghanistan	-1.5497106527226376
his	her	-0.15987353707776006
Norway	Iran	-0.3293407773678933
Havana	Tehran	None
Kabul	Afghanistan	6.776949387205483
Rome	Beijing	0.8867162270083028
Australia	Sweden	1.2086048441033097
Bangkok	Thailand	7.290201945118405
he	she	-0.6122307783406842
Paris	France	3.93276897029509
father	mother	3.3628309796453917
Australia	Greece	0.8288634135366247
Rome	Hanoi	None
Macedonia	denar	6.502225893130812
Berlin	Germany	4.109542811022554
France	Greece	2.907007417088837
Canberra	Rome	-1.3577858997790062
husband	wife	3.6432273048561417
Baghdad	Hanoi	None
France	Finland	1.7359116272677932
Beijing	China	5.050530766658557
Bangkok	Ottawa	-0.6492500117423013
Tehran	Iran	6.757353079258052
Sweden	krona	3.9439232927409265
Iraq	Egypt	2.9369679035931258
Italy	Russia	2.491641555833697
Paris	Stockholm	2.254131550165494
Athens	Greece	6.129242935847027
husband	wife	3.6432273048561417
Iraq	Pakistan	2.2835300724453935
Moscow	Stockholm	1.6277324713426133
Canberra	Australia	4.356258785903418
Thailand	baht	5.480395421524595
Lithuania	litas	6.371944189221752
Canberra	Madrid	1.0473973562576135
Switzerland	Russia	1.9748743596379321
London	England	3.0444167602709467
Iraq	Afghanistan	5.717394365330584
Moscow	Beijing	2.829754094759677
Tokyo	Japan	5.421254843040699
Denmark	krone	4.690451009698493
Australia	Afghanistan	-0.10056547475288365
Paris	Athens	1.4595061002141985
Cairo	Egypt	6.298179707404958
Europe	euro	1.0082428638486862
Canada	Switzerland	1.5583837003798116
Oslo	Berlin	1.6636110853090287
Helsinki	Finland	7.003915114634201
man	woman	3.4816735728290373
man	woman	3.4816735728290373
London	Ottawa	0.83940397900947
Italy	Egypt	1.8978124428119085
Oslo	Norway	6.245446187919168
paying	paid	2.0046634037465694
reading	thinking	1.7759328078523626
go	going	0.6863963917412438
look	run	-0.4797555246503531
look	looking	1.202426714886192
Brazil	Brazilian	4.251577922992866
write	swim	-0.8753931840474214
slowing	singing	0.22114997756211
read	swim	-1.6098045590741774
small	smallest	0.9544122103361968
decrease	decreasing	4.449614004657065
slowing	singing	0.22114997756211
cold	colder	3.4421571727689986
invent	swim	None
vanish	vanishing	4.78867595199075
discovering	screaming	None
loud	louder	5.0906358646386805
scream	screaming	3.7132269460047422
generating	predicting	None
implement	run	-0.4083113546210387
implementing	implemented	2.1256316614921373
reading	increasing	-0.47800886775647944
code	coding	3.6800480489942484
generate	discover	-0.28734518793605623
Australia	Australian	2.9606379906130638
go	code	-0.40699210878310466
write	writing	1.038723746523993
vanishing	thinking	0.38477685978442794
decrease	walk	None
sit	sitting	2.3261926977760328
smart	smarter	5.582892209581044
discovering	swimming	-0.3274429074331331
swim	swimming	4.119577096267014
rat	rats	5.11994991347308
vanishing	sitting	None
sit	code	None
decreasing	screaming	None
generate	generating	2.72687998178409
simple	simpler	2.1622955505379173
listen	walk	-0.027783139888814385
cow	cows	5.0757807031628746
writing	sitting	-0.27653834980807274
listen	vanish	None
sing	singing	1.9756199637266207
play	playing	0.5186969053301725
sit	code	None
inventing	thinking	-0.02844915362955136
cold	coldest	3.2830291342715965
shuffle	shuffling	7.269155793890251
inventing	playing	0.12172844414005239
cold	coldest	3.2830291342715965
describe	code	0.28790422372748553
say	saying	0.8698658573261381
look	debug	None
Macedonia	Macedonian	6.086070021198252
slowing	inventing	None
describing	predicting	3.0175458962700143
Switzerland	Swiss	4.436438874837648
enhance	run	-2.827731123612671
move	moving	1.0209383362909974
describe	describing	0.9107068542268247
going	screaming	0.7173803252891879
Italy	Italian	2.982473119361476
dance	fly	0.6061412271656036
quiet	quietly	1.499548256348229
slow	slowing	2.7310550163650427
invent	swim	None
generating	listening	None
read	reading	1.826374140659168
play	slow	0.1535003387854151
old	oldest	1.5201963673918255
shuffling	sitting	2.4065607068817716
run	running	1.6456047282842696
writing	swimming	-2.508339812342625
write	predict	-1.319882059993983
shrinking	shrank	None
discovering	enhancing	1.5258459755471139
generate	describe	0.14416983605808573
slowing	slowed	3.6201575014850502
see	seeing	-0.3022590043146756
vanishing	sitting	None
implement	implementing	2.0806601922389802
invent	debug	None
Greece	Greek	3.7242521132336566
think	say	2.6572197322539366
shuffling	enhancing	None
usual	usually	0.7571246973371254
discover	discovering	1.227260158099338
implement	say	-0.744846441258446
shuffling	seeing	None
predict	predicting	3.6877482062583704
go	goes	1.218399347580357
slowing	enhancing	1.9338152502681083
thinking	thought	1.9003731494086131
jump	jumping	3.987925988030218
listen	say	2.73295231677837
invent	inventing	None
think	slow	0.013230792028319628
shuffle	shuffles	6.800838667239864
decreasing	playing	-1.5253720769561123
reading	looking	0.5043918703498202
fly	flying	2.5369664737870568
generate	scream	-0.28291163115548495
Cambodia	Cambodian	6.234303710258188
slow	slows	3.260811982175769
listen	listening	2.915871047649447
writing	playing	0.5271374412159728
describe	discover	-0.878931570379141
walk	walking	2.926468917365059
shuffling	inventing	None
good	best	0.26173879057553295
look	swim	-0.864407227460548
sing	run	-0.901305918658326
generating	dancing	None
cold	colder	3.4421571727689986
increase	increasing	2.5522502693682765
think	walk	0.4552485195794685
China	Chinese	3.1749723246166512
going	seeing	1.116638540125602
enhance	enhancing	1.5096089627324156
dogs	colors	0.4615438743489562
cool	coolest	3.720930434243328
cow	cows	5.0757807031628746
woman	goat	0.29132353290012186
easy	easier	1.5936715513697504
monkeys	pears	None
bird	birds	3.3586315237995805
woman	car	0.7404799960282845
dollars	computers	0.30904674654958414
onion	eye	0.9343994850443945
dream	dreams	3.305012295820003
screaming	screamed	2.884322387188637
men	birds	-0.9062959341804027
informed	uninformed	4.906151128638697
goat	finger	None
pear	pears	6.919367433658597
bottle	child	-0.241304700065262
eyes	dreams	1.4324150651454284
listen	listening	2.915871047649447
melon	melons	7.494336064155442
bananas	horses	None
machine	pig	0.397099034522433
weird	weirdest	None
snake	snakes	5.422673905774042
children	cars	-0.7717619727147381
Russia	Russian	3.0252000570509763
color	eye	1.574056819421881
woman	women	0.8294582661399352
eagle	eagles	3.199943768965716
write	writing	1.038723746523993
eyes	pigs	0.37237734960368885
mango	cloud	0.32038369830290553
horse	horses	3.74518457406776
swimming	swam	4.44019697123869
dollars	goats	None
dollar	mouse	None
mangoes	eagles	None
color	colors	3.37001328197486
hiding	hid	2.074228622241479
lion	donkey	2.76590286862222
woman	melon	-0.5635111658944151
pineapple	pineapples	7.040506949109099
estimate	estimates	3.5461075801993824
roads	computers	-1.2182008753766345
convincing	unconvincing	2.7486935446856102
dogs	hands	-0.2989508665948555
lion	dream	-0.6247421165483613
car	cars	3.0777186853537857
quick	quicker	3.3690857098638234
elephant	elephants	5.60749486876977
cats	donkeys	4.622515467462728
lion	horse	1.8695755144954231
melon	pig	2.7437888324117043
pears	birds	None
finger	fingers	5.14364632513805
weak	weakest	3.0744424517940354
lion	eye	0.5894215756254039
dogs	cows	4.1642495043601295
hot	hotter	3.4134840777823463
child	children	2.129899974739456
mouse	mice	4.713590613443317
bottle	finger	0.07494623653434408
efficient	efficiently	1.4589895432956
melons	elephants	None
productive	unproductive	6.338709482675058
onion	onions	6.335438571815372
fingers	dreams	-1.1923957009251396
goat	melon	None
bananas	computers	None
melon	child	None
lion	lions	3.5712208725559527
generating	generated	2.892926807132176
building	donkey	-2.248534949910757
bottles	cows	0.9011390727498461
rat	rats	5.11994991347308
France	French	2.4445606682057526
banana	bananas	5.807954321658011
Sweden	Swedish	4.233824837085925
onion	elephant	None
fingers	pineapples	None
hand	hands	1.3980299776950216
scream	screaming	3.7132269460047422
color	dog	-0.03518041630409509
eyes	donkeys	None
lion	pineapple	None
low	lowest	2.071389770910683
road	roads	2.5713921453086304
mice	onions	None
rat	elephant	2.418579688004848
mangoes	dreams	None
speak	speaks	3.587390980476375
bottle	bottles	4.7632770496553105
pears	pineapples	7.343582218799747
bottle	car	0.84573194424276
dollar	dollars	4.1096997722114725
scream	screaming	3.7132269460047422
color	cloud	0.008322469295042849
mice	pineapples	None
dog	dogs	4.292993699734933
sit	sits	1.6166198409493941
goat	goats	5.205385686223248
woman	pear	-0.6702591297526297
bottles	cars	0.8639156263337586
possibly	impossibly	None
man	men	0.3856769547143733
monkey	horse	1.8294827421713074
bottles	eagles	None
rapid	rapidly	0.9213704359932119
machine	donkey	0.7471580810918497
cat	cats	4.499139959678498
lucky	luckily	3.404445733443789
dollars	onions	0.5427033117335939
building	buildings	1.7979300102702716
rats	dreams	-0.29413253758680996
machine	eye	-0.4013153986181496
cheap	cheaper	3.321469047417387
cloud	clouds	4.690314403420693
onion	elephant	None
mice	dreams	-0.5201437216093409
Denmark	Danish	4.381112969873697
smart	smartest	2.797414032997713
cow	pineapple	None
eye	eyes	2.5069571682121543
buildings	cars	0.6156214231406972
monkey	monkeys	5.624764477893976
machine	dream	-0.02222363826394098
implementing	implemented	2.1256316614921373
rats	elephants	2.31685103769563
pig	pigs	5.197341315677743
responsible	irresponsible	2.8835101787507145
clouds	cars	-0.7771332573341291
man	dream	1.3766556800036742
fingers	pears	3.10084918816235
onion	bird	0.5418770254711495
thinking	thought	1.9003731494086131
computer	computers	3.635330794748028
bright	brighter	3.6932605542234986
cool	cooler	3.638343415588576
large	larger	0.7055651446813326
informed	uninformed	4.906151128638697
honest	dishonest	6.096694733092356
Belmopan	Belize	8.752307882432527
Mogadishu	Somalia	8.096379873231841
Baku	Azerbaijan	7.664081128922706
Tunis	Tunisia	7.77546993789513
Vienna	Austria	5.813673263989866
Manila	Philippines	5.940198339770602
Caracas	Venezuela	7.879435947729226
Lisbon	Portugal	6.410326322350936
Riga	Latvia	7.784639298622247
good	best	0.26173879057553295
strong	strongest	1.3099815411624305
sharp	sharpest	4.139277327700613
slowing	slowed	3.6201575014850502
looking	looked	0.9840746359404261
going	went	-0.04986720245301949
spending	spent	0.3106170767983679
son	daughter	3.1929813854483684
dad	mom	5.829372133612631
Denmark	Danish	4.381112969873697
Brazil	Brazilian	4.251577922992866
Japan	Japanese	2.8319760753773418
Macedonia	Macedonian	6.086070021198252
Anaheim	California	5.028364447531093
Cincinnati	Ohio	5.643912716418083
Lexington	Kentucky	6.579870011778197
Tulsa	Oklahoma	6.915089396145744
Irvine	California	4.336819028061317
Garland	Texas	3.69184416730076
Romania	leu	4.758630764210357
Poland	zloty	3.513316156583101
Croatia	kuna	4.985833695725579
generate	generates	2.9038991110018157
play	plays	0.5504888449890433
see	sees	0.2693014122410586
rare	rarely	1.1454336620997112
usual	usually	0.7571246973371254
complete	completely	0.24871811229178767
Athens	Greece	6.129242935847027
Hanoi	Vietnam	6.265661676559612
swim	swimming	4.119577096267014
dance	dancing	3.423348729238547
code	coding	3.6800480489942484
dollar	dollars	4.1096997722114725
lion	lions	3.5712208725559527
machine	machines	3.4665548036874534
faster	longer	2.606664582542572
big	easy	0.8920821980551603
cheap	cheaper	3.321469047417387
tasteful	distasteful	None
amazing	amazingly	None
deep	deeper	2.9350219834311133
long	hot	0.847660655360664
lower	quicker	1.3224021581745329
younger	weaker	2.2716717986295354
long	longer	1.071810351521667
strong	low	0.8223834728621477
rapid	rapidly	0.9213704359932119
known	unknown	0.8585597931996158
unfortunate	unpleasant	None
honest	acceptable	1.9425800552028787
new	newer	-0.14008316657443795
impressive	unimpressive	2.8813580213637047
tasteful	aware	None
unreasonable	distasteful	None
pear	pears	6.919367433658597
Japan	yen	3.0271732492822925
Berlin	Germany	4.109542811022554
Cairo	Banjul	None
Laos	Albania	-0.5991291551654149
Belgium	Syria	-0.5806964845953704
Monrovia	Liberia	8.6116474796485
Conakry	Lisbon	None
prince	princess	4.607400250790926
Helsinki	Bratislava	0.9079370777076272
Cambodia	riel	None
Ireland	England	1.7182823562854779
Bamako	Mali	8.851736640028406
husband	wife	3.6432273048561417
Podgorica	Bishkek	None
Vaduz	Liechtenstein	9.091472539684476
France	Bhutan	-0.9162243502172936
Hanoi	Apia	None
he	she	-0.6122307783406842
Iran	Cuba	1.5548920053828075
Vientiane	Laos	8.549578363544349
Serbia	Albania	3.854661581126701
Maputo	Mozambique	8.769923351453807
Bulgaria	lev	2.2664619565427357
Dublin	Roseau	None
Chisinau	Moldova	8.336646926392856
nephew	niece	5.170208274978066
Philippines	Eritrea	0.8237524825531327
Khartoum	Paramaribo	None
Nigeria	naira	6.124428076987967
London	Stockholm	1.717878522347116
Ljubljana	Slovenia	7.328193401097274
Laos	Russia	1.5651748248557922
Tehran	Amman	1.467445565533388
Mozambique	Bulgaria	0.5744594702440369
Rome	Italy	4.452784686626158
grandpa	grandma	8.441581184903052
tallest	quickest	None
quick	wide	0.3882889948065069
great	greatest	0.28011806733808564
eagle	eagles	3.199943768965716
fortunate	fortunately	4.214163705808895
tall	great	0.07531757932719474
coolest	darkest	None
sweet	sweetest	4.477820202234602
enhancing	enhanced	1.838666203040477
lowest	worst	2.739400762278203
long	cold	1.7294193264563287
simple	simplest	3.3165400624355876
spending	spent	0.3106170767983679
taking	enhancing	1.717516966969302
read	saw	0.0038441373201304726
building	buildings	1.7979300102702716
moving	moved	-0.4665865619851789
new	newer	-0.14008316657443795
said	flew	-0.06784110267652961
decreasing	screaming	None
hiding	hid	2.074228622241479
thought	slept	1.3231671712073372
vanishing	walking	None
amazing	amazingly	None
screamed	jumped	3.7725586482935305
selling	swimming	-1.4376095011113266
listen	listening	2.915871047649447
striking	struck	1.7081514296592446
stepsister	policewoman	None
Miami	Florida	5.2782400805042515
man	king	0.42957123263329633
sons	daughters	6.302773121591718
father	mother	3.3628309796453917
sons	grandfather	1.4677910753137535
stepmother	daughters	3.410302848387606
Paramaribo	Suriname	9.720791411850787
Austrian	Brazilian	0.9564940054371521
weak	weaker	3.6279958094358653
Cambodia	Switzerland	-0.317694494504522
Egypt	Egyptian	4.443132598260896
Ireland	Chile	0.24724686137479857
Bulgaria	Bulgarian	5.049456280221368
Ukrainian	Australian	-1.244829660471721
jump	jumping	3.987925988030218
Germany	Albania	1.0621583391264044
Korea	Korean	4.267650753713784
Argentinean	English	0.0070660336620947594
play	playing	0.5186969053301725
Japanese	Colombian	-0.5267484607259464
Denmark	Moldova	1.4095317542957218
code	coding	3.6800480489942484
Malta	Maltese	6.007306398311915
Cleveland	Memphis	1.1204101940434794
Kentucky	Arizona	0.2942536222041962
grandpa	grandma	8.441581184903052
Honolulu	Hawaii	7.4702573060982855
Anchorage	Alaska	7.272824461005291
Hialeah	Shreveport	None
he	she	-0.6122307783406842
Alabama	Indiana	2.0922241825505155
Nevada	Nevada	None
groom	bride	7.064461931082008
Stockton	California	4.628350850244703
Henderson	Atlanta	0.7246470582666821
stepson	stepdaughter	8.110435661868815
Pittsburgh	Memphis	0.8474215570500533
Oakland	California	4.771193075034025
Nevada	Wisconsin	0.7674741285582363
Spokane	Washington	5.557471426197305
Tacoma	Akron	None
Nebraska	Massachusetts	-0.2101709836821609
Hungary	forint	6.22976662517715
Indianapolis	Cincinnati	3.4575444054501094
Glendale	Arizona	5.588759498626035
Armenia	dram	3.7815394957109687
Michigan	Georgia	0.313988311871988
Russia	ruble	3.682206081031369
kwanza	ringgit	None
Europe	Ukraine	1.3013657468940194
Havana	Cuba	7.580593881826107
rupee	lev	None
Vietnam	Ukraine	0.6646364671391913
Romania	leu	4.758630764210357
Algiers	Algeria	7.4231376547514785
Cambodia	Sweden	-0.5137703343974056
Denmark	krone	4.690451009698493
policeman	policewoman	6.157151011728678
litas	won	None
eat	vanish	1.0888419730975158
go	goes	1.218399347580357
enhances	eats	None
swift	swiftly	0.3076455840200929
predict	predicts	2.9978695189205085
generates	sees	-0.849792293415661
furious	furiously	None
provide	find	-0.8712370054877776
shuffle	shuffles	6.800838667239864
says	eats	1.874688061012081
enhance	vanish	None
old	older	0.8590228670595285
quietly	unfortunately	None
precise	complete	0.5219475444711662
reluctant	reluctantly	0.1326739074387396
read	reading	1.826374140659168
quick	serious	0.7313472651343499
amazing	amazingly	None
professionally	safely	1.6585293476722567
Egypt	Egyptian	4.443132598260896
fortunate	safe	0.8730627261179099
efficient	efficiently	1.4589895432956
possibly	amazingly	None
invent	inventing	None
dad	mom	5.829372133612631
Baghdad	Iraq	6.293904033662
Switzerland	Finland	2.807550454040303
Cairo	Madrid	1.916191578662401
uncle	aunt	5.365615573074735
Thailand	Afghanistan	1.1947955923211488
Havana	Cuba	7.580593881826107
Oslo	Kabul	None
look	fly	0.0036880234701889216
think	thinking	2.1807260308658303
describing	singing	0.10027167373324163
occasional	occasionally	0.47676622498963667
generating	flying	None
enhance	vanish	None
debug	debugging	6.7995322594723575
Colombia	Colombian	5.497433415425408
paying	paid	2.0046634037465694
inventing	screaming	None
dance	dancing	3.423348729238547
write	slow	-0.45914872942536006
donkey	donkeys	5.802888802015878
woman	pear	-0.6702591297526297
fingers	machines	0.032123242024394226
honest	dishonest	6.096694733092356
Albania	Albanian	5.69656923203429
rats	women	-0.9060665266275998
dollar	elephant	0.9033084304874496
machine	machines	3.4665548036874534
see	sees	0.2693014122410586
pigs	cows	6.584709222752624
mango	mangoes	7.078824530739282
cat	donkey	2.0325283383391928
